"_id._bsontype","_id.id","","state","mn_earn_wne_p10.2006","mn_earn_wne_p10.2007","mn_earn_wne_p10.2008","mn_earn_wne_p10.2009","mn_earn_wne_p10.2010","mn_earn_wne_p10.2011","mn_earn_wne_p10.2012","mn_earn_wne_p10.2013","mn_earn_wne_p10.2014","mn_earn_wne_p10.2015","mn_earn_wne_p10.2016","mn_earn_wne_p9.2006","mn_earn_wne_p9.2007","mn_earn_wne_p9.2008","mn_earn_wne_p9.2009","mn_earn_wne_p9.2010","mn_earn_wne_p9.2011","mn_earn_wne_p9.2012","mn_earn_wne_p9.2013","mn_earn_wne_p9.2014","mn_earn_wne_p9.2015","mn_earn_wne_p9.2016","mn_earn_wne_p8.2006","mn_earn_wne_p8.2007","mn_earn_wne_p8.2008","mn_earn_wne_p8.2009","mn_earn_wne_p8.2010","mn_earn_wne_p8.2011","mn_earn_wne_p8.2012","mn_earn_wne_p8.2013","mn_earn_wne_p8.2014","mn_earn_wne_p8.2015","mn_earn_wne_p8.2016","mn_earn_wne_p7.2006","mn_earn_wne_p7.2007","mn_earn_wne_p7.2008","mn_earn_wne_p7.2009","mn_earn_wne_p7.2010","mn_earn_wne_p7.2011","mn_earn_wne_p7.2012","mn_earn_wne_p7.2013","mn_earn_wne_p7.2014","mn_earn_wne_p7.2015","mn_earn_wne_p7.2016","mn_earn_wne_p6.2006","mn_earn_wne_p6.2007","mn_earn_wne_p6.2008","mn_earn_wne_p6.2009","mn_earn_wne_p6.2010","mn_earn_wne_p6.2011","mn_earn_wne_p6.2012","mn_earn_wne_p6.2013","mn_earn_wne_p6.2014","mn_earn_wne_p6.2015","mn_earn_wne_p6.2016","mn_earn_wne_male0_p10.2006","mn_earn_wne_male0_p10.2007","mn_earn_wne_male0_p10.2008","mn_earn_wne_male0_p10.2009","mn_earn_wne_male0_p10.2010","mn_earn_wne_male0_p10.2011","mn_earn_wne_male0_p10.2012","mn_earn_wne_male0_p10.2013","mn_earn_wne_male0_p10.2014","mn_earn_wne_male0_p10.2015","mn_earn_wne_male0_p10.2016","mn_earn_wne_male1_p10.2006","mn_earn_wne_male1_p10.2007","mn_earn_wne_male1_p10.2008","mn_earn_wne_male1_p10.2009","mn_earn_wne_male1_p10.2010","mn_earn_wne_male1_p10.2011","mn_earn_wne_male1_p10.2012","mn_earn_wne_male1_p10.2013","mn_earn_wne_male1_p10.2014","mn_earn_wne_male1_p10.2015","mn_earn_wne_male1_p10.2016","mn_earn_wne_indep0_p10.2006","mn_earn_wne_indep0_p10.2007","mn_earn_wne_indep0_p10.2008","mn_earn_wne_indep0_p10.2009","mn_earn_wne_indep0_p10.2010","mn_earn_wne_indep0_p10.2011","mn_earn_wne_indep0_p10.2012","mn_earn_wne_indep0_p10.2013","mn_earn_wne_indep0_p10.2014","mn_earn_wne_indep0_p10.2015","mn_earn_wne_indep0_p10.2016","mn_earn_wne_indep1_p10.2006","mn_earn_wne_indep1_p10.2007","mn_earn_wne_indep1_p10.2008","mn_earn_wne_indep1_p10.2009","mn_earn_wne_indep1_p10.2010","mn_earn_wne_indep1_p10.2011","mn_earn_wne_indep1_p10.2012","mn_earn_wne_indep1_p10.2013","mn_earn_wne_indep1_p10.2014","mn_earn_wne_indep1_p10.2015","mn_earn_wne_indep1_p10.2016","mn_earn_wne_inc1_p10.2006","mn_earn_wne_inc1_p10.2007","mn_earn_wne_inc1_p10.2008","mn_earn_wne_inc1_p10.2009","mn_earn_wne_inc1_p10.2010","mn_earn_wne_inc1_p10.2011","mn_earn_wne_inc1_p10.2012","mn_earn_wne_inc1_p10.2013","mn_earn_wne_inc1_p10.2014","mn_earn_wne_inc1_p10.2015","mn_earn_wne_inc1_p10.2016","mn_earn_wne_inc2_p10.2006","mn_earn_wne_inc2_p10.2007","mn_earn_wne_inc2_p10.2008","mn_earn_wne_inc2_p10.2009","mn_earn_wne_inc2_p10.2010","mn_earn_wne_inc2_p10.2011","mn_earn_wne_inc2_p10.2012","mn_earn_wne_inc2_p10.2013","mn_earn_wne_inc2_p10.2014","mn_earn_wne_inc2_p10.2015","mn_earn_wne_inc2_p10.2016","mn_earn_wne_inc3_p10.2006","mn_earn_wne_inc3_p10.2007","mn_earn_wne_inc3_p10.2008","mn_earn_wne_inc3_p10.2009","mn_earn_wne_inc3_p10.2010","mn_earn_wne_inc3_p10.2011","mn_earn_wne_inc3_p10.2012","mn_earn_wne_inc3_p10.2013","mn_earn_wne_inc3_p10.2014","mn_earn_wne_inc3_p10.2015","mn_earn_wne_inc3_p10.2016","gt_25k_p10.2006","gt_25k_p10.2007","gt_25k_p10.2008","gt_25k_p10.2009","gt_25k_p10.2010","gt_25k_p10.2011","gt_25k_p10.2012","gt_25k_p10.2013","gt_25k_p10.2014","gt_25k_p10.2015","gt_25k_p10.2016","gt_25k_p9.2006","gt_25k_p9.2007","gt_25k_p9.2008","gt_25k_p9.2009","gt_25k_p9.2010","gt_25k_p9.2011","gt_25k_p9.2012","gt_25k_p9.2013","gt_25k_p9.2014","gt_25k_p9.2015","gt_25k_p9.2016","gt_25k_p8.2006","gt_25k_p8.2007","gt_25k_p8.2008","gt_25k_p8.2009","gt_25k_p8.2010","gt_25k_p8.2011","gt_25k_p8.2012","gt_25k_p8.2013","gt_25k_p8.2014","gt_25k_p8.2015","gt_25k_p8.2016","gt_25k_p7.2006","gt_25k_p7.2007","gt_25k_p7.2008","gt_25k_p7.2009","gt_25k_p7.2010","gt_25k_p7.2011","gt_25k_p7.2012","gt_25k_p7.2013","gt_25k_p7.2014","gt_25k_p7.2015","gt_25k_p7.2016","gt_25k_p6.2006","gt_25k_p6.2007","gt_25k_p6.2008","gt_25k_p6.2009","gt_25k_p6.2010","gt_25k_p6.2011","gt_25k_p6.2012","gt_25k_p6.2013","gt_25k_p6.2014","gt_25k_p6.2015","gt_25k_p6.2016","earnings_gap.2006","earnings_gap.2007","earnings_gap.2008","earnings_gap.2009","earnings_gap.2010","earnings_gap.2011","earnings_gap.2012","earnings_gap.2013","earnings_gap.2014","earnings_gap.2015","earnings_gap.2016","state_abbrev","name","path"
"ObjectID","{""type"":""Buffer"",""data"":[92,155,230,38,17,220,119,0,20,220,147,92]}",,"AK","NA",41046.27,"NA",40521.41,"NA",43338.27,43433.97,44828.7,47282.86,"NA","NA",39146.95,"NA",39107.93,"NA",41822.38,"NA","NA","NA","NA","NA","NA","NA",37840.98,"NA",39575.36,"NA",41051.05,42000.35,42200.97,42662.96,"NA","NA",35356.29,"NA",37531.32,"NA",38649.77,"NA","NA","NA","NA","NA","NA","NA",36345.62,"NA",36592.01,"NA",37338.2,36881.06,37175.2,38319.85,"NA","NA","NA",31892.7,"NA",30242.65,"NA",36181.54,33647.77,35912.75,39441.23,"NA","NA","NA",47903.82,"NA",43927.46,"NA",48532.22,45717.93,53060.83,55426.68,"NA","NA","NA",38621.6,"NA",38701.89,"NA",43071.66,42419.47,46270.39,48193.32,"NA","NA","NA",36603.24,"NA",37336.18,"NA",42385.78,38306.02,43386.3,46440.94,"NA","NA","NA",34072.52,"NA",31997.24,"NA",37388.31,35880.12,38621.23,41873.32,"NA","NA","NA",40986.79,"NA",36360.25,"NA",43551.68,43542.6,43899.88,46823.46,"NA","NA","NA",44786.94,"NA",41234.1,"NA",46084.44,47475.64,48094.95,53240.27,"NA","NA","NA",0.6695523,"NA",0.6563765,"NA",0.6902403,0.6847886,0.6953254,"NA","NA","NA",0.6682531,"NA",0.6571167,"NA",0.6757331,"NA","NA","NA","NA","NA","NA","NA",0.6507232,"NA",0.6540933,"NA",0.6705046,0.6749626,0.6740007,"NA","NA","NA",0.6304527,"NA",0.6366901,"NA",0.6508304,"NA","NA","NA","NA","NA","NA","NA",0.6384822,"NA",0.6266531,"NA",0.6369892,0.6316819,0.6310707,"NA","NA","NA","NA",16011.12,"NA",13684.81,"NA",12350.68,12070.17,17148.08,15985.45,"NA","NA","AK","Alaska","alaska"
"ObjectID","{""type"":""Buffer"",""data"":[92,155,230,38,17,220,119,0,20,220,147,93]}",,"AL","NA",39107.63,"NA",38234.16,"NA",36942.47,35966.88,36669.89,38403.93,"NA","NA",37094.82,"NA",37098.76,"NA",35557.94,"NA","NA","NA","NA","NA","NA","NA",35461.59,"NA",34229.63,"NA",32657.18,32886.57,33880.5,35467.12,"NA","NA",33356.35,"NA",32798.91,"NA",31113.55,"NA","NA","NA","NA","NA","NA","NA",31070.06,"NA",29507.1,"NA",28922.38,29367.89,30626.52,31510.51,"NA","NA","NA",33517.09,"NA",33630.78,"NA",31700.67,30698.93,31150.39,33092.13,"NA","NA","NA",46750.55,"NA",44277.48,"NA",43207.25,42696.26,44420.27,46544.95,"NA","NA","NA",39433.69,"NA",38057.89,"NA",36972.52,36378.22,37308.87,39158.31,"NA","NA","NA",37499.07,"NA",36874.97,"NA",35206.14,33892.02,34548.32,36675.76,"NA","NA","NA",20590.09,"NA",21838.14,"NA",20914.96,30840.04,31355.07,32470.62,"NA","NA","NA",31560.84,"NA",32481.55,"NA",31495.62,30012.04,31853.57,41758.75,"NA","NA","NA",48300.7,"NA",46848.3,"NA",45585.88,45707.91,47347.09,49517.36,"NA","NA","NA",0.6580729,"NA",0.6402736,"NA",0.6196275,0.6030988,0.6102418,"NA","NA","NA",0.6390731,"NA",0.6360375,"NA",0.6024657,"NA","NA","NA","NA","NA","NA","NA",0.6203923,"NA",0.5884815,"NA",0.5562182,0.5609089,0.5799427,"NA","NA","NA",0.5945267,"NA",0.5729822,"NA",0.5344961,"NA","NA","NA","NA","NA","NA","NA",0.548359,"NA",0.5123019,"NA",0.4951704,0.5025958,0.5298493,"NA","NA","NA","NA",13233.46,"NA",10646.7,"NA",11506.58,11997.34,13269.88,13452.82,"NA","NA","AL","Alabama","alabama"
"ObjectID","{""type"":""Buffer"",""data"":[92,155,230,38,17,220,119,0,20,220,147,94]}",,"AR","NA",36781.39,"NA",36514.72,"NA",35842.3,35510.57,35599.93,36816.93,"NA","NA",35104.33,"NA",34954.74,"NA",34550.58,"NA","NA","NA","NA","NA","NA","NA",33422.85,"NA",33245.46,"NA",31741.62,31984.07,32732.69,34372.07,"NA","NA",31542.62,"NA",31531.93,"NA",30281.21,"NA","NA","NA","NA","NA","NA","NA",29657.9,"NA",28817.84,"NA",28481.82,29143.36,29418.89,30229.86,"NA","NA","NA",31018.01,"NA",30746.67,"NA",30277.88,30105.5,29817.39,31355.18,"NA","NA","NA",43448.02,"NA",43075.55,"NA",42719.95,41847.78,42106.64,43477.02,"NA","NA","NA",35745.17,"NA",36422.93,"NA",35516.64,35055.22,35461.21,37603.51,"NA","NA","NA",33730.49,"NA",32607.44,"NA",31636.9,31714.79,32135.96,33327.82,"NA","NA","NA",22837.66,"NA",24102.69,"NA",21752.01,29781.75,29726.17,31280.43,"NA","NA","NA",32271.87,"NA",31973.35,"NA",31556.31,29222.55,29636.95,35043.49,"NA","NA","NA",41994.96,"NA",43768.32,"NA",45026.31,44430.09,45605.76,46956.41,"NA","NA","NA",0.6315667,"NA",0.6181771,"NA",0.6100287,0.6054199,0.6017959,"NA","NA","NA",0.6141071,"NA",0.6023793,"NA",0.5941663,"NA","NA","NA","NA","NA","NA","NA",0.5881903,"NA",0.5775809,"NA",0.5487566,0.5564178,0.5684927,"NA","NA","NA",0.5644105,"NA",0.5562212,"NA",0.5262802,"NA","NA","NA","NA","NA","NA","NA",0.5239953,"NA",0.5021231,"NA",0.4900337,0.5018519,0.5045556,"NA","NA","NA","NA",12430,"NA",12328.89,"NA",12442.06,11742.28,12289.25,12121.83,"NA","NA","AR","Arkansas","arkansas"
"ObjectID","{""type"":""Buffer"",""data"":[92,155,230,38,17,220,119,0,20,220,147,95]}",,"AS","NA",23700,"NA",23900,"NA",22600,22600,23600,24500,"NA","NA",23500,"NA",22700,"NA",21800,"NA","NA","NA","NA","NA","NA","NA",21300,"NA",20600,"NA",19900,19200,19400,20300,"NA","NA",20400,"NA",19400,"NA",18400,"NA","NA","NA","NA","NA","NA","NA",19100,"NA",17500,"NA",16100,16200,16700,17500,"NA","NA","NA",21400,"NA",21500,"NA",20600,20500,20300,20900,"NA","NA","NA",26900,"NA",27200,"NA",24900,24800,26900,28500,"NA","NA","NA",22500,"NA",22400,"NA",22100,22200,23600,24700,"NA","NA","NA",30300,"NA",29800,"NA",24500,25000,23300,23100,"NA","NA","NA","NA","NA","NA","NA","NA",22000,22900,24400,"NA","NA","NA","NA","NA","NA","NA","NA","NA","NA","NA","NA","NA","NA","NA","NA","NA","NA","NA","NA","NA","NA","NA","NA","NA",0.3551637,"NA",0.4007708,"NA",0.3501484,0.376,0.398,"NA","NA","NA",0.3435898,"NA",0.3632959,"NA",0.3497823,"NA","NA","NA","NA","NA","NA","NA",0.3518519,"NA",0.3153285,"NA",0.2752137,0.271,0.279,"NA","NA","NA",0.3267716,"NA",0.2819767,"NA",0.2520593,"NA","NA","NA","NA","NA","NA","NA",0.2666667,"NA",0.244186,"NA",0.1996997,0.209,0.235,"NA","NA","NA","NA",5500,"NA",5700,"NA",4300,4300,6600,7600,"NA","NA","AS",,
"ObjectID","{""type"":""Buffer"",""data"":[92,155,230,38,17,220,119,0,20,220,147,96]}",,"AZ","NA",50320.27,"NA",49107.47,"NA",48023.68,47973.8,46417.07,41723.26,"NA","NA",49115.61,"NA",48197.43,"NA",46555.65,"NA","NA","NA","NA","NA","NA","NA",47196.52,"NA",45464.83,"NA",43659.82,41551.47,39875.98,37933.39,"NA","NA",45472.4,"NA",44269.53,"NA",41973.38,"NA","NA","NA","NA","NA","NA","NA",42717.94,"NA",40650.8,"NA",36452.49,35539.31,34599.05,33399.17,"NA","NA","NA",43801.82,"NA",43267.39,"NA",41229.11,41162.08,39859.99,34833.55,"NA","NA","NA",53743.96,"NA",53978.95,"NA",53779.39,53607.46,52870.95,47733.81,"NA","NA","NA",46966.98,"NA",44848.41,"NA",43475.71,44048.29,42419.02,43924.44,"NA","NA","NA",48212.83,"NA",49973.98,"NA",49808.9,49053.04,47499.97,39369.59,"NA","NA","NA",35372.18,"NA",36593.8,"NA",33534.64,37370.91,36136.68,34761.69,"NA","NA","NA",47736.47,"NA",48602.22,"NA",47431.85,47380.25,46606.93,43109.95,"NA","NA","NA",61059.2,"NA",62893.23,"NA",63084.1,62520.57,62817.44,53189.45,"NA","NA","NA",0.7423223,"NA",0.7273501,"NA",0.7200356,0.7249095,0.7067668,"NA","NA","NA",0.7394605,"NA",0.7291052,"NA",0.711641,"NA","NA","NA","NA","NA","NA","NA",0.7297192,"NA",0.7065425,"NA",0.6922609,0.6701555,0.6475053,"NA","NA","NA",0.7200834,"NA",0.7042482,"NA",0.6786213,"NA","NA","NA","NA","NA","NA","NA",0.6976961,"NA",0.6691394,"NA",0.6107206,0.5981969,0.5814635,"NA","NA","NA","NA",9942.137,"NA",10711.55,"NA",12550.28,12445.38,13010.96,12900.26,"NA","NA","AZ","Arizona","arizona"
"ObjectID","{""type"":""Buffer"",""data"":[92,155,230,38,17,220,119,0,20,220,147,97]}",,"CA","NA",47510.34,"NA",45210.36,"NA",43893.35,43500.92,44035.3,45586.24,"NA","NA",45499.49,"NA",43811.48,"NA",41860.99,"NA","NA","NA","NA","NA","NA","NA",42127.59,"NA",40398.85,"NA",38279.32,37785.99,38423.18,40189.66,"NA","NA",39822.51,"NA",38857.53,"NA",36141.95,"NA","NA","NA","NA","NA","NA","NA",36902.22,"NA",34696.4,"NA",32203.64,32279.36,32696.62,33344.18,"NA","NA","NA",40546.55,"NA",39553.39,"NA",38653.5,38002.27,38401.1,41023.46,"NA","NA","NA",53257.95,"NA",50158.46,"NA",49263.71,49311.96,49930.29,52772.99,"NA","NA","NA",50384.16,"NA",47175.15,"NA",45336.91,44939.21,45193.49,47041.42,"NA","NA","NA",42564.11,"NA",41597.98,"NA",39561.61,38841.88,39509.45,42792.27,"NA","NA","NA",25070.48,"NA",30506.95,"NA",24284.6,37675.59,38349.35,40632.88,"NA","NA","NA",40042.39,"NA",41216.82,"NA",35083.21,36383.77,34878.23,42119.49,"NA","NA","NA",58708.8,"NA",55528.07,"NA",54168.34,55323.5,56162.3,58044.75,"NA","NA","NA",0.6968067,"NA",0.6702889,"NA",0.6525802,0.6475137,0.652577,"NA","NA","NA",0.6869686,"NA",0.6673072,"NA",0.6400968,"NA","NA","NA","NA","NA","NA","NA",0.6593725,"NA",0.6315655,"NA",0.6012267,0.5958196,0.6036474,"NA","NA","NA",0.6420833,"NA",0.6236609,"NA",0.5802299,"NA","NA","NA","NA","NA","NA","NA",0.6086745,"NA",0.5660169,"NA",0.5236904,0.5221468,0.5278428,"NA","NA","NA","NA",12711.39,"NA",10605.07,"NA",10610.21,11309.69,11529.19,11749.53,"NA","NA","CA","California","california"
"ObjectID","{""type"":""Buffer"",""data"":[92,155,230,38,17,220,119,0,20,220,147,98]}",,"CO","NA",44019.94,"NA",42274.38,"NA",41602.88,41425.52,42208.44,44394.38,"NA","NA",42119.59,"NA",41277.62,"NA",39893.88,"NA","NA","NA","NA","NA","NA","NA",40331.35,"NA",38309.74,"NA",37678.3,37445.89,37594.97,39257.85,"NA","NA",38231.18,"NA",37140.03,"NA",35915.64,"NA","NA","NA","NA","NA","NA","NA",36044.04,"NA",34363.65,"NA",32980.69,32931.94,33233.42,33910.25,"NA","NA","NA",35703.41,"NA",35104.11,"NA",34530.14,34336.79,34741.54,37540.54,"NA","NA","NA",48768.57,"NA",46552.59,"NA",46666.08,46765.68,48644.41,51477.72,"NA","NA","NA",45592.1,"NA",43400.68,"NA",42393.73,42403.8,42908.11,45228.61,"NA","NA","NA",39748.84,"NA",38865.3,"NA",38360.39,38619.47,40090.11,42895.6,"NA","NA","NA",32165.71,"NA",34312.59,"NA",32626.26,34773.17,35121.45,36909.94,"NA","NA","NA",42036.52,"NA",41409.59,"NA",40337.18,41050.84,41933.77,44816.84,"NA","NA","NA",50694.92,"NA",48117.79,"NA",48285.37,49495.83,51792.87,53873.75,"NA","NA","NA",0.7027168,"NA",0.6788226,"NA",0.6673067,0.6621098,0.6680174,"NA","NA","NA",0.6939499,"NA",0.6803684,"NA",0.656134,"NA","NA","NA","NA","NA","NA","NA",0.6789005,"NA",0.6456516,"NA",0.6249334,0.6222374,0.6245902,"NA","NA","NA",0.6630486,"NA",0.6442522,"NA",0.6060255,"NA","NA","NA","NA","NA","NA","NA",0.6398041,"NA",0.5936528,"NA",0.5659605,0.5635468,0.5690651,"NA","NA","NA","NA",13065.16,"NA",11448.48,"NA",12135.93,12428.89,13902.88,13937.18,"NA","NA","CO","Colorado","colorado"
"ObjectID","{""type"":""Buffer"",""data"":[92,155,230,38,17,220,119,0,20,220,147,99]}",,"CT","NA",51744.4,"NA",49651.99,"NA",48435.99,48326.29,49127.36,51055.97,"NA","NA",47458.63,"NA",48024.07,"NA",45874.03,"NA","NA","NA","NA","NA","NA","NA",46088.23,"NA",43957.21,"NA",42592.09,42762.59,43134.32,44320.36,"NA","NA",42008.45,"NA",42137.5,"NA",40415.32,"NA","NA","NA","NA","NA","NA","NA",39701.8,"NA",38197.66,"NA",36646.04,36305.71,36427.73,37440.09,"NA","NA","NA",42345.14,"NA",41909.92,"NA",40436.39,41047,41607.64,44743.93,"NA","NA","NA",56001.63,"NA",52636.9,"NA",51592.19,54619.68,54084.63,59312.6,"NA","NA","NA",52115.99,"NA",47610.87,"NA",49606.53,49201.8,49627.09,52986.48,"NA","NA","NA",42016.25,"NA",39579.67,"NA",38473.14,38589.08,40271.71,43469.33,"NA","NA","NA",31893.05,"NA",31091.65,"NA",29275.38,36963.03,38102.38,39556.36,"NA","NA","NA",46783.11,"NA",43461.99,"NA",41821.32,43932.09,44726.81,48538.86,"NA","NA","NA",60128.93,"NA",58288.84,"NA",56458.53,57573.8,58234.82,60595.73,"NA","NA","NA",0.7670965,"NA",0.7380542,"NA",0.7296984,0.7250801,0.7280875,"NA","NA","NA",0.7473532,"NA",0.7392939,"NA",0.7129011,"NA","NA","NA","NA","NA","NA","NA",0.7365572,"NA",0.7068548,"NA",0.6808926,0.6859724,0.6958525,"NA","NA","NA",0.7116836,"NA",0.7046979,"NA",0.6641783,"NA","NA","NA","NA","NA","NA","NA",0.6858042,"NA",0.6460172,"NA",0.6298472,0.6264524,0.627896,"NA","NA","NA","NA",13656.48,"NA",10726.98,"NA",11155.8,13572.68,12476.99,14568.67,"NA","NA","CT","Connecticut","connecticut"
"ObjectID","{""type"":""Buffer"",""data"":[92,155,230,38,17,220,119,0,20,220,147,100]}",,"DC","NA",63436.56,"NA",62485.85,"NA",61688.89,61342.38,62447.47,63256.66,"NA","NA",59702.93,"NA",59205,"NA",58978.5,"NA","NA","NA","NA","NA","NA","NA",56483.62,"NA",56290.26,"NA",56265.85,54198.65,52326.85,52249.39,"NA","NA",52464.35,"NA",53057.8,"NA",53862.7,"NA","NA","NA","NA","NA","NA","NA",50009.98,"NA",51077.76,"NA",46684.32,44572.25,42724.15,41968.59,"NA","NA","NA",54531.34,"NA",56552.35,"NA",53957.4,53966.22,54672.21,56107.39,"NA","NA","NA",72433.84,"NA",69616.38,"NA",70246.56,70795.77,73496.91,75599.32,"NA","NA","NA",68208.37,"NA",65610.28,"NA",61777.9,61177.51,62652.07,65021.43,"NA","NA","NA",55113.56,"NA",56735.5,"NA",58720.05,59781.64,61315.7,61884.41,"NA","NA","NA",40039.7,"NA",43083.13,"NA",45481.96,54326.59,56320.91,54280.29,"NA","NA","NA",57572.61,"NA",57067.03,"NA",55636.52,54613.08,55804.14,57637.82,"NA","NA","NA",75754.13,"NA",71136.23,"NA",68892.52,69709.23,71277.45,74190.44,"NA","NA","NA",0.8091922,"NA",0.7921505,"NA",0.7868418,0.7906166,0.7981378,"NA","NA","NA",0.795864,"NA",0.792995,"NA",0.7849221,"NA","NA","NA","NA","NA","NA","NA",0.7908863,"NA",0.7788292,"NA",0.7741666,0.7611224,0.7509042,"NA","NA","NA",0.7811641,"NA",0.7739241,"NA",0.7652907,"NA","NA","NA","NA","NA","NA","NA",0.7686034,"NA",0.7524573,"NA",0.7162192,0.6998344,0.682574,"NA","NA","NA","NA",17902.5,"NA",13064.03,"NA",16289.16,16829.55,18824.7,19491.93,"NA","NA","DC","District of Columbia","district_of_columbia"
"ObjectID","{""type"":""Buffer"",""data"":[92,155,230,38,17,220,119,0,20,220,147,101]}",,"DE","NA",48970.45,"NA",48829.04,"NA",46237.2,46455.23,46386.91,47736.86,"NA","NA",46820.18,"NA",46956.32,"NA",44472.24,"NA","NA","NA","NA","NA","NA","NA",44659.79,"NA",42665.13,"NA",41101.87,40670.05,41223.18,42324.23,"NA","NA",42130.66,"NA",40683.63,"NA",38630.84,"NA","NA","NA","NA","NA","NA","NA",38381.16,"NA",36693,"NA",34915.52,34614.9,35061.48,36437.1,"NA","NA","NA",43625.8,"NA",44602.43,"NA",42205.72,41839.48,40823.93,44977.32,"NA","NA","NA",56250.02,"NA",54249.29,"NA",51655.42,52732.12,53482,55256.16,"NA","NA","NA",53768.73,"NA",53372.4,"NA",49302.64,49843.64,49897.08,51344.84,"NA","NA","NA",38552.88,"NA",38842.04,"NA",38365.7,37390.04,36313.93,37802.58,"NA","NA","NA",26333,"NA",34657.62,"NA",30447.43,35613.52,35700.56,36343.8,"NA","NA","NA",43229.43,"NA",43704.06,"NA",41945.82,44309.2,44486.82,44853.84,"NA","NA","NA",60872.36,"NA",59424.61,"NA",55682.5,55771.84,56184.11,58684,"NA","NA","NA",0.7680118,"NA",0.7622818,"NA",0.7356152,0.7384236,0.738374,"NA","NA","NA",0.7583387,"NA",0.7577779,"NA",0.7271714,"NA","NA","NA","NA","NA","NA","NA",0.7496005,"NA",0.7208221,"NA",0.7001966,0.69821,0.7006432,"NA","NA","NA",0.7337263,"NA",0.7154893,"NA",0.6723827,"NA","NA","NA","NA","NA","NA","NA",0.6942269,"NA",0.6592667,"NA",0.627978,0.619897,0.6283738,"NA","NA","NA","NA",12624.22,"NA",9646.859,"NA",9449.695,10892.64,12658.07,10278.84,"NA","NA","DE","Delaware","delaware"
"ObjectID","{""type"":""Buffer"",""data"":[92,155,230,38,17,220,119,0,20,220,147,102]}",,"FL","NA",41688.23,"NA",40332.72,"NA",38168.55,37543.27,37864.47,39768.31,"NA","NA",40395.77,"NA",39311.3,"NA",36860.89,"NA","NA","NA","NA","NA","NA","NA",38092.89,"NA",35791.43,"NA",33807.27,33564.38,33972.17,36183.23,"NA","NA",36457.98,"NA",34586.26,"NA",32351.89,"NA","NA","NA","NA","NA","NA","NA",33270.41,"NA",31064.47,"NA",29452.43,29487.7,29642.67,31036.67,"NA","NA","NA",36190.37,"NA",35184.16,"NA",33468.34,32742.17,32830.05,35656.93,"NA","NA","NA",47110.02,"NA",44553.12,"NA",42682.98,42704.11,43544,46538.73,"NA","NA","NA",44376.4,"NA",42216.46,"NA",39929.41,39481.48,40157.48,41794.94,"NA","NA","NA",37983.93,"NA",37182.41,"NA",34113.73,33303.12,33720.55,36340.84,"NA","NA","NA",32392.1,"NA",32993.92,"NA",29785.69,31714.81,31827.05,34432.09,"NA","NA","NA",42010.73,"NA",41329.56,"NA",38223,37764.21,38016.18,42211.04,"NA","NA","NA",51334.43,"NA",49222.88,"NA",47704.41,47511.06,48073.94,50508.37,"NA","NA","NA",0.6827236,"NA",0.65996,"NA",0.6323858,0.6248006,0.6259005,"NA","NA","NA",0.6773993,"NA",0.6563517,"NA",0.6211929,"NA","NA","NA","NA","NA","NA","NA",0.6511481,"NA",0.6147364,"NA",0.5806825,0.577244,0.5821861,"NA","NA","NA",0.6401086,"NA",0.6058964,"NA",0.5626137,"NA","NA","NA","NA","NA","NA","NA",0.5953018,"NA",0.5479142,"NA",0.5123289,0.5119343,0.512709,"NA","NA","NA","NA",10919.65,"NA",9368.957,"NA",9214.637,9961.947,10713.95,10881.8,"NA","NA","FL","Florida","florida"
"ObjectID","{""type"":""Buffer"",""data"":[92,155,230,38,17,220,119,0,20,220,147,103]}",,"FM","NA",19800,"NA",18000,"NA",17900,19200,20300,20400,"NA","NA",19600,"NA",17000,"NA",17400,"NA","NA","NA","NA","NA","NA","NA",17500,"NA",16700,"NA",15800,16400,16700,20700,"NA","NA",16500,"NA",15900,"NA",17800,"NA","NA","NA","NA","NA","NA","NA",15000,"NA",16400,"NA",15400,16200,16100,19000,"NA","NA","NA",16500,"NA",15100,"NA",14200,14700,15300,16400,"NA","NA","NA",23300,"NA",21100,"NA",21100,24100,25300,23400,"NA","NA","NA","NA","NA",18000,"NA",17800,17700,"NA","NA","NA","NA","NA","NA","NA","NA","NA",18900,31400,"NA","NA","NA","NA","NA","NA","NA","NA","NA","NA","NA","NA","NA","NA","NA","NA","NA","NA","NA","NA","NA","NA","NA","NA","NA","NA","NA","NA","NA","NA","NA","NA","NA","NA","NA","NA","NA","NA",0.315625,"NA",0.2277433,"NA",0.2222222,0.222,0.249,"NA","NA","NA",0.3253425,"NA",0.2269939,"NA",0.2097054,"NA","NA","NA","NA","NA","NA","NA",0.2158416,"NA",0.206655,"NA",0.2014563,0.225,0.222,"NA","NA","NA",0.1806167,"NA",0.1697171,"NA",0.1702638,"NA","NA","NA","NA","NA","NA","NA",0.1606557,"NA",0.1422018,"NA",0.1656442,0.174,0.168,"NA","NA","NA","NA",6800,"NA",6000,"NA",6900,9400,10000,7000,"NA","NA","FM",,
"ObjectID","{""type"":""Buffer"",""data"":[92,155,230,38,17,220,119,0,20,220,147,104]}",,"GA","NA",40330.24,"NA",39918.01,"NA",39829.45,40102.27,40676.86,41687.92,"NA","NA",38716.7,"NA",38186.76,"NA",38230.55,"NA","NA","NA","NA","NA","NA","NA",36703.05,"NA",35769.29,"NA",36469.71,35976.29,35933.26,36817.21,"NA","NA",34924.88,"NA",34036.88,"NA",34823.35,"NA","NA","NA","NA","NA","NA","NA",32363.63,"NA",31278.21,"NA",31527.44,30974.39,31124.92,31703.54,"NA","NA","NA",33541.27,"NA",34308.38,"NA",33596.94,33821.4,33824.85,35862.75,"NA","NA","NA",46324.59,"NA",44841.92,"NA",45241.38,46423.65,47404.41,50124.18,"NA","NA","NA",40815.05,"NA",40503.07,"NA",38655,38898.32,39830.38,41787.84,"NA","NA","NA",36125.69,"NA",36728.2,"NA",37178.18,37477.31,38452.47,40332.1,"NA","NA","NA",24234.87,"NA",26034.16,"NA",23837.58,32515.99,32889.68,34118.09,"NA","NA","NA",34547.6,"NA",35226.3,"NA",34996.07,35029.79,36833.91,44971.85,"NA","NA","NA",49352.39,"NA",48899.89,"NA",49375.41,50779.25,52795.8,54430.94,"NA","NA","NA",0.6630756,"NA",0.6529069,"NA",0.6427439,0.6429842,0.6468549,"NA","NA","NA",0.6527598,"NA",0.642242,"NA",0.6275654,"NA","NA","NA","NA","NA","NA","NA",0.63043,"NA",0.6080896,"NA",0.6037775,0.599983,0.5970517,"NA","NA","NA",0.6131187,"NA",0.5912725,"NA",0.5815325,"NA","NA","NA","NA","NA","NA","NA",0.5721455,"NA",0.5432661,"NA",0.5328388,0.5259901,0.5304058,"NA","NA","NA","NA",12783.32,"NA",10533.54,"NA",11644.44,12602.25,13579.56,14261.43,"NA","NA","GA","Georgia","georgia"
"ObjectID","{""type"":""Buffer"",""data"":[92,155,230,38,17,220,119,0,20,220,147,105]}",,"GU","NA",33405.18,"NA",31907.86,"NA",29044.06,29213.53,29128.49,30390.36,"NA","NA",30950.72,"NA",30934.95,"NA",27755.98,"NA","NA","NA","NA","NA","NA","NA",29211.41,"NA",26684.71,"NA",25300.99,25558.27,25020.72,26571.04,"NA","NA",25917.89,"NA",25709.67,"NA",23946.69,"NA","NA","NA","NA","NA","NA","NA",23871.95,"NA",23193.64,"NA",21103.33,21282.1,22281.99,24204.45,"NA","NA","NA",32716.2,"NA",30375.37,"NA",27353.28,27531.63,27261.37,27960.17,"NA","NA","NA",34758.62,"NA",36145.06,"NA",31957.56,32174.41,32270.48,34641.57,"NA","NA","NA",31961.6,"NA",31968.83,"NA",28191.95,27549.62,27498.37,29680.41,"NA","NA","NA",35053.37,"NA",32433.69,"NA",29724.85,31176.14,31128.57,31473.56,"NA","NA","NA",22511.63,"NA",18971.86,"NA",12971.8,26844.61,27401,28002.54,"NA","NA","NA",31081.28,"NA",28585.71,"NA",23763.98,20596.88,20677.83,33300,"NA","NA","NA",40300,"NA",38800,"NA",37300,39600,43300,43400,"NA","NA","NA",0.619129,"NA",0.592226,"NA",0.519409,0.5138304,0.4982832,"NA","NA","NA",0.5705937,"NA",0.5809801,"NA",0.5027834,"NA","NA","NA","NA","NA","NA","NA",0.5500584,"NA",0.4852841,"NA",0.4468017,0.4452007,0.4182306,"NA","NA","NA",0.4717189,"NA",0.4681988,"NA",0.4211331,"NA","NA","NA","NA","NA","NA","NA",0.4336037,"NA",0.3858235,"NA",0.3299303,0.3234766,0.3483041,"NA","NA","NA","NA",2042.426,"NA",5769.689,"NA",4604.283,4642.777,5009.111,6681.402,"NA","NA","GU",,
"ObjectID","{""type"":""Buffer"",""data"":[92,155,230,38,17,220,119,0,20,220,147,106]}",,"HI","NA",42742.13,"NA",42033.99,"NA",41882.14,41674.61,42195.7,44780.42,"NA","NA",40664.12,"NA",40492.45,"NA",39806.71,"NA","NA","NA","NA","NA","NA","NA",38428.2,"NA",38236.13,"NA",37826.28,38366.12,39345.86,40945.13,"NA","NA",36261.73,"NA",36716.42,"NA",35708.38,"NA","NA","NA","NA","NA","NA","NA",33999.58,"NA",33655.29,"NA",33468.84,33145.35,33620.96,34329.65,"NA","NA","NA",36481.11,"NA",37078.68,"NA",36000.31,35794.83,37833.54,41507.18,"NA","NA","NA",47438.03,"NA",46346.24,"NA",47860.82,46948.63,46374.59,49361.41,"NA","NA","NA",43268.7,"NA",41224.77,"NA",41763.14,41517.72,41727.95,44557.01,"NA","NA","NA",40409.35,"NA",40942.19,"NA",40363.95,40522.88,39971.95,45385.36,"NA","NA","NA",23399.18,"NA",28499.15,"NA",26045.18,38310.64,37726.89,40697.52,"NA","NA","NA",34006.53,"NA",32830.21,"NA",33074.37,33436.96,33314.12,35131.57,"NA","NA","NA",48842.89,"NA",44240.33,"NA",44306.27,43240.28,45173.62,46926.02,"NA","NA","NA",0.6966725,"NA",0.6823442,"NA",0.679124,0.6785246,0.6844015,"NA","NA","NA",0.6812773,"NA",0.6766888,"NA",0.6598827,"NA","NA","NA","NA","NA","NA","NA",0.6600135,"NA",0.6465431,"NA",0.6406643,0.6464705,0.6577212,"NA","NA","NA",0.6350181,"NA",0.6380673,"NA",0.6189694,"NA","NA","NA","NA","NA","NA","NA",0.6083429,"NA",0.5873405,"NA",0.5753782,0.5815758,0.5896144,"NA","NA","NA","NA",10956.92,"NA",9267.563,"NA",11860.51,11153.8,8541.051,7854.23,"NA","NA","HI","Hawaii","hawaii"
"ObjectID","{""type"":""Buffer"",""data"":[92,155,230,38,17,220,119,0,20,220,147,107]}",,"IA","NA",43256.68,"NA",42924.66,"NA",41831.83,41810.43,42090.25,43255.21,"NA","NA",41472.4,"NA",41480.66,"NA",40141.4,"NA","NA","NA","NA","NA","NA","NA",39923.92,"NA",38611.71,"NA",37704.96,37527.92,37762.86,38630.24,"NA","NA",37678.13,"NA",37063.32,"NA",35956.37,"NA","NA","NA","NA","NA","NA","NA",35391.54,"NA",34284.98,"NA",33194.7,32858.14,32464.8,32929.01,"NA","NA","NA",36391.79,"NA",36095.81,"NA",35145.29,34894.64,34827.4,37419.61,"NA","NA","NA",50635.21,"NA",49649.95,"NA",48715.16,49097.23,49780.98,51457.36,"NA","NA","NA",39095.73,"NA",38591.62,"NA",39059.55,39123.19,39578.07,43616.8,"NA","NA","NA",35796.51,"NA",37433.88,"NA",36069.48,36806.78,37048.95,38256.26,"NA","NA","NA",34900.23,"NA",36025.8,"NA",32823.62,33989.43,33490.25,34737.61,"NA","NA","NA",42823.72,"NA",41757.9,"NA",41036.37,41138.18,42162.91,43448.37,"NA","NA","NA",50153.24,"NA",47968.95,"NA",47749.56,48066.96,49403.4,51251.97,"NA","NA","NA",0.7323214,"NA",0.731684,"NA",0.7175815,0.7132182,0.7106411,"NA","NA","NA",0.7240981,"NA",0.7289044,"NA",0.7063487,"NA","NA","NA","NA","NA","NA","NA",0.718756,"NA",0.6967221,"NA",0.6718915,0.6687719,0.6668362,"NA","NA","NA",0.6987225,"NA",0.68828,"NA",0.6544405,"NA","NA","NA","NA","NA","NA","NA",0.6737634,"NA",0.6366286,"NA",0.6075767,0.5964071,0.576915,"NA","NA","NA","NA",14243.42,"NA",13554.13,"NA",13569.87,14202.58,14953.57,14037.75,"NA","NA","IA","Iowa","iowa"
"ObjectID","{""type"":""Buffer"",""data"":[92,155,230,38,17,220,119,0,20,220,147,108]}",,"ID","NA",40365.29,"NA",39363.87,"NA",39285.01,39341.41,40635,42066.32,"NA","NA",38823.54,"NA",38004.52,"NA",37324.05,"NA","NA","NA","NA","NA","NA","NA",36764.15,"NA",35464.36,"NA",34748.32,34705.66,36302.45,38412.91,"NA","NA",34838.48,"NA",33777.58,"NA",32681.77,"NA","NA","NA","NA","NA","NA","NA",32338.25,"NA",30841.64,"NA",30040.9,30498.19,31876.2,33726.57,"NA","NA","NA",29455.41,"NA",29050.05,"NA",27904.24,27748.16,28921.33,32220.73,"NA","NA","NA",51090.55,"NA",49976.14,"NA",50801.97,51099.22,51584.95,53764.1,"NA","NA","NA",39480.29,"NA",38213.32,"NA",38573.8,38669,39303.5,40928.14,"NA","NA","NA",39646.02,"NA",40097.8,"NA",38909.34,38539.09,40749.06,42213.38,"NA","NA","NA",38052.46,"NA",37801.81,"NA",36191.67,36658.91,38783.71,40516.31,"NA","NA","NA",41000.78,"NA",38895.5,"NA",38807.3,38274.82,39134.36,42144.3,"NA","NA","NA",44996.88,"NA",44330.42,"NA",41459.58,43774.7,44709.6,46136.84,"NA","NA","NA",0.6640165,"NA",0.6409981,"NA",0.6382668,0.6394692,0.660476,"NA","NA","NA",0.6514369,"NA",0.638249,"NA",0.6239094,"NA","NA","NA","NA","NA","NA","NA",0.6321433,"NA",0.6062531,"NA",0.5911326,0.5951546,0.6164047,"NA","NA","NA",0.6085789,"NA",0.594,"NA",0.5635303,"NA","NA","NA","NA","NA","NA","NA",0.5815736,"NA",0.5421508,"NA",0.5225174,0.5369067,0.5663423,"NA","NA","NA","NA",21635.14,"NA",20926.09,"NA",22897.74,23351.06,22663.63,21543.37,"NA","NA","ID","Idaho","idaho"
"ObjectID","{""type"":""Buffer"",""data"":[92,155,230,38,17,220,119,0,20,220,147,109]}",,"IL","NA",44971.47,"NA",43688.62,"NA",42774.37,42598.65,43015.27,43974.2,"NA","NA",42906.25,"NA",42135.54,"NA",40922.89,"NA","NA","NA","NA","NA","NA","NA",40414.07,"NA",39018.29,"NA",37516.43,37526.45,38143.9,39795.37,"NA","NA",38162.18,"NA",37325.3,"NA",35453.2,"NA","NA","NA","NA","NA","NA","NA",35391.4,"NA",33430.77,"NA",32174.5,32776.58,33629.96,34585.51,"NA","NA","NA",37776.07,"NA",37340.53,"NA",36199.86,35927.12,36065.46,38550.71,"NA","NA","NA",51656.57,"NA",49416.68,"NA",49490.58,49408.95,50085.38,52675.08,"NA","NA","NA",45131.61,"NA",43597.61,"NA",41964.85,41541.4,42085.5,44611.48,"NA","NA","NA",38570.06,"NA",38695.53,"NA",37372.95,36726.02,38076.29,40363.36,"NA","NA","NA",26921.95,"NA",28069.63,"NA",26092.74,35532.14,36245.4,37798.04,"NA","NA","NA",39697.63,"NA",38730.84,"NA",37195.71,37263.76,37530.54,44219.8,"NA","NA","NA",54678.46,"NA",51030.32,"NA",49611.82,50721.2,51323.79,53251.3,"NA","NA","NA",0.7056242,"NA",0.685208,"NA",0.6692289,0.6674471,0.6740566,"NA","NA","NA",0.6940084,"NA",0.6818988,"NA",0.6574168,"NA","NA","NA","NA","NA","NA","NA",0.6731759,"NA",0.6441214,"NA",0.6223214,0.6222513,0.6344806,"NA","NA","NA",0.6566302,"NA",0.6346692,"NA",0.6001447,"NA","NA","NA","NA","NA","NA","NA",0.6194232,"NA",0.5765901,"NA",0.5541364,0.563174,0.5752771,"NA","NA","NA","NA",13880.5,"NA",12076.14,"NA",13290.72,13481.83,14019.91,14124.37,"NA","NA","IL","Illinois","illinois"
"ObjectID","{""type"":""Buffer"",""data"":[92,155,230,38,17,220,119,0,20,220,147,110]}",,"IN","NA",43773.46,"NA",42248.52,"NA",41737.15,44528.57,45577.91,47263.51,"NA","NA",41938.11,"NA",40814.77,"NA",39438.9,"NA","NA","NA","NA","NA","NA","NA",39586.13,"NA",37823.61,"NA",37893.9,39941.13,40727.38,42516.88,"NA","NA",37501.37,"NA",36453.25,"NA",35557.59,"NA","NA","NA","NA","NA","NA","NA",35058.45,"NA",33596.58,"NA",32971.01,34937.55,36179.15,37201.76,"NA","NA","NA",35491.27,"NA",35310.4,"NA",34126.17,36098.74,37013.66,40466.11,"NA","NA","NA",50605.25,"NA",47339.22,"NA",49669.52,52333.83,54499.57,57100.22,"NA","NA","NA",43227.3,"NA",41363.14,"NA",41268.84,42478.97,43210.48,47122.68,"NA","NA","NA",37415.92,"NA",36896.78,"NA",35356.42,39001.99,40184.31,43343.26,"NA","NA","NA",33911.86,"NA",32285.64,"NA",31305.42,35650.53,36505.49,38592.23,"NA","NA","NA",42148.25,"NA",40028.24,"NA",39567.45,41598.73,42219.62,44933.27,"NA","NA","NA",51359.51,"NA",47761.11,"NA",48700.08,51284.75,52846.88,54197.62,"NA","NA","NA",0.7104908,"NA",0.6906505,"NA",0.6787018,0.7166181,0.7248309,"NA","NA","NA",0.7024035,"NA",0.6858262,"NA",0.659091,"NA","NA","NA","NA","NA","NA","NA",0.6825116,"NA",0.6485301,"NA",0.640336,0.6772351,0.6898272,"NA","NA","NA",0.6659333,"NA",0.6404498,"NA",0.6144513,"NA","NA","NA","NA","NA","NA","NA",0.6302373,"NA",0.594126,"NA",0.5808501,0.6227299,0.6423194,"NA","NA","NA","NA",15113.98,"NA",12028.82,"NA",15543.35,16235.09,17485.91,16634.11,"NA","NA","IN","Indiana","indiana"
"ObjectID","{""type"":""Buffer"",""data"":[92,155,230,38,17,220,119,0,20,220,147,111]}",,"KS","NA",41829.27,"NA",41074.1,"NA",39975.7,40180.07,40949.13,42548.04,"NA","NA",40142.2,"NA",39801.33,"NA",38416.53,"NA","NA","NA","NA","NA","NA","NA",38174.41,"NA",37038.96,"NA",36531.49,36408.96,37019.36,38834.29,"NA","NA",36179.59,"NA",35873.13,"NA",34659.1,"NA","NA","NA","NA","NA","NA","NA",34215.64,"NA",33198.39,"NA",32102.88,32392.79,33260.09,34799.51,"NA","NA","NA",34878.32,"NA",34914.26,"NA",33511.96,33780.75,34345.26,36690.46,"NA","NA","NA",48538.48,"NA",47111.38,"NA",45869.3,46635.42,47703.15,49310.75,"NA","NA","NA",41218.34,"NA",40496.4,"NA",39403.33,39562.09,40511.2,43550.95,"NA","NA","NA",37469.47,"NA",37054.36,"NA",35525.4,35865.72,37199.91,39155.68,"NA","NA","NA",28819.9,"NA",30710.72,"NA",28258,33156.61,33886.42,35244.18,"NA","NA","NA",38243.26,"NA",38981.58,"NA",37256.55,38784.04,38896.58,42053.95,"NA","NA","NA",47311.95,"NA",45600.05,"NA",45551.52,46355.48,46842.73,49635.62,"NA","NA","NA",0.7033154,"NA",0.6906978,"NA",0.6784038,0.6824939,0.6876677,"NA","NA","NA",0.6899058,"NA",0.685492,"NA",0.6659794,"NA","NA","NA","NA","NA","NA","NA",0.6746499,"NA",0.6572556,"NA",0.6448705,0.6422057,0.6514226,"NA","NA","NA",0.6535658,"NA",0.6484702,"NA",0.6216796,"NA","NA","NA","NA","NA","NA","NA",0.6322116,"NA",0.6046378,"NA",0.5780323,0.58505,0.6000283,"NA","NA","NA","NA",13660.16,"NA",12197.13,"NA",12357.34,12854.68,13357.89,12620.28,"NA","NA","KS","Kansas","kansas"
"ObjectID","{""type"":""Buffer"",""data"":[92,155,230,38,17,220,119,0,20,220,147,112]}",,"KY","NA",37586.38,"NA",36878.99,"NA",35577.87,35236,35713.18,37319.47,"NA","NA",36071.83,"NA",35430.62,"NA",34269.48,"NA","NA","NA","NA","NA","NA","NA",33730.35,"NA",33119.36,"NA",31847.06,32097.84,32614.97,34071.54,"NA","NA",31944.51,"NA",31551.69,"NA",30284.9,"NA","NA","NA","NA","NA","NA","NA",29680.46,"NA",28904.74,"NA",28309.86,28588.1,29301.19,30090.45,"NA","NA","NA",31786.22,"NA",31503.15,"NA",30469.8,30409.26,31218.6,33092.04,"NA","NA","NA",44093.89,"NA",42686.49,"NA",41696.59,41532.12,42050.18,44587.76,"NA","NA","NA",36433.64,"NA",35396.14,"NA",34575.05,34553.7,35354.23,38146.88,"NA","NA","NA",33203.46,"NA",32882.58,"NA",32189.06,31013.43,32426.23,34056.11,"NA","NA","NA",23123.16,"NA",23704.14,"NA",21950.88,29219.98,29831.9,31312.83,"NA","NA","NA",31618.12,"NA",31699.13,"NA",30364.7,31029.34,32289.35,36370.89,"NA","NA","NA",41960.96,"NA",41935.16,"NA",41296.37,42512.28,43663.56,45609.5,"NA","NA","NA",0.649351,"NA",0.6358034,"NA",0.6113453,0.6056133,0.6113135,"NA","NA","NA",0.6397635,"NA",0.6193459,"NA",0.5969552,"NA","NA","NA","NA","NA","NA","NA",0.6038537,"NA",0.5843043,"NA",0.5587708,0.5607413,0.5732766,"NA","NA","NA",0.5819191,"NA",0.5678682,"NA",0.5345792,"NA","NA","NA","NA","NA","NA","NA",0.5404749,"NA",0.5128747,"NA",0.4966433,0.4999823,0.5141632,"NA","NA","NA","NA",12307.67,"NA",11183.34,"NA",11226.79,11122.85,10831.59,11495.72,"NA","NA","KY","Kentucky","kentucky"
"ObjectID","{""type"":""Buffer"",""data"":[92,155,230,38,17,220,119,0,20,220,147,113]}",,"LA","NA",40896.07,"NA",40555.91,"NA",39787.34,39873.4,41345.81,42408.68,"NA","NA",38356.05,"NA",38899.11,"NA",38238.5,"NA","NA","NA","NA","NA","NA","NA",36982.4,"NA",36738.78,"NA",35977.19,35841.22,36884.16,37474.29,"NA","NA",34094.45,"NA",34903.07,"NA",33932.53,"NA","NA","NA","NA","NA","NA","NA",32678.38,"NA",32157.81,"NA",30710.83,31062.12,32204.84,32336.82,"NA","NA","NA",33880.16,"NA",33692.25,"NA",32470.34,32248.58,33229.3,35479.27,"NA","NA","NA",48805.79,"NA",48761.91,"NA",48213.3,48224.08,50724.08,52522.5,"NA","NA","NA",42224.47,"NA",41863.93,"NA",41292.1,41325.63,42419.02,43710.97,"NA","NA","NA",37362.86,"NA",37074.25,"NA",35448.44,34884.11,37174.41,39241.64,"NA","NA","NA",32073.18,"NA",32084.28,"NA",28198.85,32936.7,34819.7,36929.8,"NA","NA","NA",42829.75,"NA",41400.3,"NA",39366.07,38149.73,39391.21,45447.16,"NA","NA","NA",50917.14,"NA",48984.5,"NA",49853.94,49856.76,52015.56,53042.95,"NA","NA","NA",0.6692835,"NA",0.6543071,"NA",0.6348277,0.6324871,0.6465107,"NA","NA","NA",0.640142,"NA",0.6422525,"NA",0.6197495,"NA","NA","NA","NA","NA","NA","NA",0.623,"NA",0.6102759,"NA",0.5859286,0.5816688,0.602533,"NA","NA","NA",0.5834174,"NA",0.5934758,"NA",0.5614137,"NA","NA","NA","NA","NA","NA","NA",0.562157,"NA",0.5368579,"NA",0.5076478,0.5120335,0.5346974,"NA","NA","NA","NA",14925.63,"NA",15069.67,"NA",15742.95,15975.5,17494.78,17043.23,"NA","NA","LA","Louisiana","louisiana"
"ObjectID","{""type"":""Buffer"",""data"":[92,155,230,38,17,220,119,0,20,220,147,114]}",,"MA","NA",53288.91,"NA",50627.84,"NA",51969.34,51736.93,53290.53,55855.71,"NA","NA",50135.85,"NA",48650.34,"NA",49161.21,"NA","NA","NA","NA","NA","NA","NA",46677.13,"NA",46704.56,"NA",45074.53,45443.07,47086.04,49400,"NA","NA",43416.8,"NA",44619.95,"NA",42504.55,"NA","NA","NA","NA","NA","NA","NA",42331.45,"NA",40095.03,"NA",38743.68,39172.27,40459.61,41176.12,"NA","NA","NA",39828.86,"NA",39795.46,"NA",41205.52,41212.6,42797.39,49096.89,"NA","NA","NA",61163.74,"NA",55468.39,"NA",57313.25,58048.05,59857.3,64606.1,"NA","NA","NA",48232.37,"NA",43579.18,"NA",44041.91,43542.45,44859.8,49268.11,"NA","NA","NA",41458.33,"NA",40886.08,"NA",43428.18,43935.79,46993.7,50427.36,"NA","NA","NA",37675.23,"NA",37224.11,"NA",38461.47,41543.81,43093.95,47152.83,"NA","NA","NA",50563.74,"NA",46967.96,"NA",46615.04,48141.5,50334.05,53474.96,"NA","NA","NA",61483.17,"NA",56177.27,"NA",57367.75,58871.81,60371.61,62763.48,"NA","NA","NA",0.7597235,"NA",0.7384288,"NA",0.7369232,0.7413493,0.752977,"NA","NA","NA",0.7493145,"NA",0.7388235,"NA",0.7239149,"NA","NA","NA","NA","NA","NA","NA",0.7340013,"NA",0.7149191,"NA",0.6963608,0.7026043,0.723076,"NA","NA","NA",0.7149733,"NA",0.7101483,"NA",0.6801913,"NA","NA","NA","NA","NA","NA","NA",0.7023763,"NA",0.6634477,"NA",0.6391723,0.6435767,0.6678258,"NA","NA","NA","NA",21334.88,"NA",15672.93,"NA",16107.73,16835.45,17059.91,15509.21,"NA","NA","MA","Massachusetts","massachusetts"
"ObjectID","{""type"":""Buffer"",""data"":[92,155,230,38,17,220,119,0,20,220,147,115]}",,"MD","NA",50127.36,"NA",49532.5,"NA",47462.04,47132.64,47271.83,48342.57,"NA","NA",47748.06,"NA",47030.3,"NA",45653.04,"NA","NA","NA","NA","NA","NA","NA",44741.75,"NA",43959.03,"NA",41931.77,41104.73,41010.46,42567.72,"NA","NA",42139.13,"NA",41589.73,"NA",39692.96,"NA","NA","NA","NA","NA","NA","NA",38966.83,"NA",37814.07,"NA",35477.3,35372.32,35271.22,35462.2,"NA","NA","NA",42109.42,"NA",43228.79,"NA",41898.65,41624.77,41864.92,44617.86,"NA","NA","NA",53691.24,"NA",54654.2,"NA",53058.81,52795,53517.48,55346.13,"NA","NA","NA",45811.62,"NA",46240.79,"NA",44183.3,44378.71,44256.76,45128.77,"NA","NA","NA",46236.65,"NA",46192.95,"NA",43788.57,42739.23,43812.97,45119.43,"NA","NA","NA",38084.77,"NA",41803.46,"NA",36103.99,40336.5,40327.57,41711.04,"NA","NA","NA",49279.8,"NA",48874.66,"NA",45020.56,43781.5,44053.05,47949.35,"NA","NA","NA",58476.23,"NA",55325.73,"NA",54427.98,55423.09,56472.82,57964.98,"NA","NA","NA",0.7574881,"NA",0.7437658,"NA",0.7258448,0.7263045,0.7223822,"NA","NA","NA",0.749429,"NA",0.7355002,"NA",0.7160193,"NA","NA","NA","NA","NA","NA","NA",0.7253565,"NA",0.7072966,"NA",0.6807297,0.6741167,0.6711489,"NA","NA","NA",0.7119246,"NA",0.6943556,"NA",0.6622792,"NA","NA","NA","NA","NA","NA","NA",0.676283,"NA",0.6464982,"NA",0.6084998,0.601831,0.5998088,"NA","NA","NA","NA",11581.82,"NA",11425.41,"NA",11160.16,11170.23,11652.56,10728.27,"NA","NA","MD","Maryland","maryland"
"ObjectID","{""type"":""Buffer"",""data"":[92,155,230,38,17,220,119,0,20,220,147,116]}",,"ME","NA",40819.21,"NA",39752.3,"NA",39108.21,39778.46,40836.84,41067.37,"NA","NA",39268.11,"NA",38176.32,"NA",37416.03,"NA","NA","NA","NA","NA","NA","NA",36606.57,"NA",35815.64,"NA",35884.81,35513.02,35841.06,35279.23,"NA","NA",34726.11,"NA",34584.46,"NA",33776.7,"NA","NA","NA","NA","NA","NA","NA",32932.1,"NA",32206.76,"NA",30880.95,30809.42,32125.68,31983.71,"NA","NA","NA",33563.91,"NA",33530.89,"NA",31783.08,31527.36,32438.01,35922.91,"NA","NA","NA",44935.72,"NA",42778.97,"NA",42769.25,43729.1,48311.65,49694.8,"NA","NA","NA",32830.01,"NA",32150.77,"NA",31411.41,32094.88,31721.46,36847.99,"NA","NA","NA",33499.77,"NA",33610.05,"NA",32050.46,32406.74,33609.8,34793.28,"NA","NA","NA",27833.3,"NA",28799.95,"NA",25763.01,31677.43,32544.09,33654.11,"NA","NA","NA",34409.84,"NA",34368.98,"NA",31020.99,33747.38,36544.06,38308.35,"NA","NA","NA",42761.59,"NA",36030.54,"NA",35311.7,45078.61,47786.21,48030.38,"NA","NA","NA",0.6907273,"NA",0.6837936,"NA",0.6660686,0.6635244,0.6739429,"NA","NA","NA",0.6825071,"NA",0.6780995,"NA",0.651642,"NA","NA","NA","NA","NA","NA","NA",0.6688436,"NA",0.6369896,"NA",0.6253666,0.6106126,0.6229033,"NA","NA","NA",0.6498948,"NA",0.6288671,"NA",0.6016206,"NA","NA","NA","NA","NA","NA","NA",0.613573,"NA",0.5818576,"NA",0.5495435,0.5382959,0.5653384,"NA","NA","NA","NA",11371.82,"NA",9248.074,"NA",10986.17,12201.74,15873.64,13771.89,"NA","NA","ME","Maine","maine"
"ObjectID","{""type"":""Buffer"",""data"":[92,155,230,38,17,220,119,0,20,220,147,117]}",,"MH","NA","NA","NA","NA","NA","NA","NA","NA","NA","NA","NA","NA","NA","NA","NA","NA","NA","NA","NA","NA","NA","NA","NA","NA","NA","NA","NA","NA","NA","NA","NA","NA","NA","NA","NA","NA","NA","NA","NA","NA","NA","NA","NA","NA","NA","NA","NA","NA","NA","NA","NA","NA","NA","NA","NA","NA","NA","NA","NA","NA","NA","NA","NA","NA","NA","NA","NA","NA","NA","NA","NA","NA","NA","NA","NA","NA","NA","NA","NA","NA","NA","NA","NA","NA","NA","NA","NA","NA","NA","NA","NA","NA","NA","NA","NA","NA","NA","NA","NA","NA","NA","NA","NA","NA","NA","NA","NA","NA","NA","NA","NA","NA","NA","NA","NA","NA","NA","NA","NA","NA","NA","NA","NA","NA","NA","NA","NA","NA","NA","NA","NA","NA","NA","NA","NA","NA","NA","NA","NA","NA","NA","NA","NA","NA","NA","NA","NA","NA","NA","NA","NA","NA","NA","NA","NA","NA","NA","NA","NA","NA","NA","NA","NA","NA","NA","NA","NA","NA","NA","NA","NA","NA","NA","NA","NA","NA","NA","NA","NA","NA","NA","NA","NA","NA","NA","NA","NA","NA","NA","NA","NA","NA","NA","NA","NA","NA","NA","NA","MH",,
"ObjectID","{""type"":""Buffer"",""data"":[92,155,230,38,17,220,119,0,20,220,147,118]}",,"MI","NA",42737.77,"NA",41349.76,"NA",40423.81,39562.74,40096.43,41697.82,"NA","NA",40901.24,"NA",39776.45,"NA",38408.08,"NA","NA","NA","NA","NA","NA","NA",38443.38,"NA",36578.7,"NA",35403.43,35362.07,35794.3,36892.16,"NA","NA",36375.8,"NA",34872.43,"NA",33278.9,"NA","NA","NA","NA","NA","NA","NA",33247.32,"NA",31305.33,"NA",30445.43,30414.31,30765,31771.38,"NA","NA","NA",36098.84,"NA",35479.77,"NA",34252.18,33495.21,33800.82,35849.57,"NA","NA","NA",50794.29,"NA",47726,"NA",47894.27,46982.03,48166.34,51239.13,"NA","NA","NA",42511.66,"NA",40940.07,"NA",40929.46,39798.94,40531.75,43919.64,"NA","NA","NA",36903.73,"NA",36452.76,"NA",35443.05,34895.62,35306.64,36907.34,"NA","NA","NA",31751.6,"NA",31617.82,"NA",30153.31,32399.92,32875.84,34163.75,"NA","NA","NA",41065.54,"NA",39923.98,"NA",38515.11,38764.53,39756.38,42240.8,"NA","NA","NA",51258.32,"NA",48302.28,"NA",48050.44,47899.48,49441.62,51698.81,"NA","NA","NA",0.6843747,"NA",0.6611903,"NA",0.6460839,0.6380695,0.6424293,"NA","NA","NA",0.6746186,"NA",0.6536323,"NA",0.6262763,"NA","NA","NA","NA","NA","NA","NA",0.6482703,"NA",0.6095635,"NA",0.5864381,0.5882201,0.5994135,"NA","NA","NA",0.6279809,"NA",0.5949383,"NA",0.558567,"NA","NA","NA","NA","NA","NA","NA",0.5791831,"NA",0.5335498,"NA",0.5144772,0.5154387,0.5223132,"NA","NA","NA","NA",14695.44,"NA",12246.23,"NA",13642.1,13486.82,14365.52,15389.56,"NA","NA","MI","Michigan","michigan"
"ObjectID","{""type"":""Buffer"",""data"":[92,155,230,38,17,220,119,0,20,220,147,119]}",,"MN","NA",42852.77,"NA",42830.03,"NA",42458.55,42808.51,43930.62,45773.21,"NA","NA",41389.89,"NA",41406.77,"NA",40439.78,"NA","NA","NA","NA","NA","NA","NA",40179.77,"NA",38806.38,"NA",38874.83,39044.51,39831.5,41829.29,"NA","NA",38238.18,"NA",37279.31,"NA",36791.45,"NA","NA","NA","NA","NA","NA","NA",35893.86,"NA",35037.08,"NA",34416.39,34831.98,35508.83,36657.85,"NA","NA","NA",35553.57,"NA",36053.24,"NA",35034.57,35540.45,37660.1,40233.82,"NA","NA","NA",46635.25,"NA",45494.5,"NA",46794,46961.14,48809.11,52110.92,"NA","NA","NA",39668.84,"NA",39712.77,"NA",38677.1,38683.55,39519.27,44174.05,"NA","NA","NA",38598.49,"NA",40590.41,"NA",38766.02,38419.98,39186.51,42925.08,"NA","NA","NA",35255.89,"NA",36659.34,"NA",34938.52,35922.88,36814.71,38795.82,"NA","NA","NA",42547.27,"NA",41588.98,"NA",40749.64,41292.18,42689.05,44695.61,"NA","NA","NA",47674.61,"NA",45691.87,"NA",45680.13,47381.5,48917.7,51288.63,"NA","NA","NA",0.7304826,"NA",0.7283303,"NA",0.7238196,0.7251468,0.734813,"NA","NA","NA",0.7229829,"NA",0.7230226,"NA",0.7074638,"NA","NA","NA","NA","NA","NA","NA",0.7230655,"NA",0.6961225,"NA",0.6948052,0.7009835,0.7122289,"NA","NA","NA",0.7087261,"NA",0.6891742,"NA",0.6721597,"NA","NA","NA","NA","NA","NA","NA",0.6808112,"NA",0.6539196,"NA",0.6422449,0.6480734,0.6546143,"NA","NA","NA","NA",11081.68,"NA",9441.262,"NA",11759.44,11420.69,11149.01,11877.09,"NA","NA","MN","Minnesota","minnesota"
"ObjectID","{""type"":""Buffer"",""data"":[92,155,230,38,17,220,119,0,20,220,147,120]}",,"MO","NA",42358.27,"NA",41015.36,"NA",39792.8,39721.03,40230.56,41308.2,"NA","NA",40634.86,"NA",39613.5,"NA",38196.09,"NA","NA","NA","NA","NA","NA","NA",37969.13,"NA",36798.77,"NA",35646.02,35573.83,36002.7,37066.35,"NA","NA",35897.39,"NA",35216.75,"NA",33929.29,"NA","NA","NA","NA","NA","NA","NA",33330.91,"NA",32376.54,"NA",30945.33,30992.94,31272.94,32335.11,"NA","NA","NA",33566.34,"NA",33397.18,"NA",32639.97,32568.2,32728.72,35633.27,"NA","NA","NA",47462.98,"NA",46444.33,"NA",45574.78,45180.15,46880.56,49770.86,"NA","NA","NA",43997.14,"NA",42608.47,"NA",41286.03,40450.33,40754.94,42746.92,"NA","NA","NA",37512.96,"NA",36685.9,"NA",34902.25,33755.42,34145.38,37174.83,"NA","NA","NA",30302.28,"NA",30593.77,"NA",29422.28,31575.47,31611.38,33686.79,"NA","NA","NA",39306.65,"NA",39185.39,"NA",37540.19,38070.32,39015.42,41738.47,"NA","NA","NA",49805.39,"NA",48124.1,"NA",47308.63,48322.93,49842.8,51226.07,"NA","NA","NA",0.7050512,"NA",0.6834379,"NA",0.665486,0.665154,0.6652591,"NA","NA","NA",0.6954077,"NA",0.6791452,"NA",0.6550658,"NA","NA","NA","NA","NA","NA","NA",0.6685303,"NA",0.6457203,"NA",0.6176291,0.6149368,0.6223574,"NA","NA","NA",0.647898,"NA",0.6321065,"NA",0.5984693,"NA","NA","NA","NA","NA","NA","NA",0.6128131,"NA",0.5800604,"NA",0.5476587,0.5480704,0.5533926,"NA","NA","NA","NA",13896.64,"NA",13047.14,"NA",12934.8,12611.95,14151.84,14137.58,"NA","NA","MO","Missouri","missouri"
"ObjectID","{""type"":""Buffer"",""data"":[92,155,230,38,17,220,119,0,20,220,147,121]}",,"MP","NA",22000,"NA",22100,"NA",21900,21800,23100,24200,"NA","NA",22500,"NA",21100,"NA",21500,"NA","NA","NA","NA","NA","NA","NA",20100,"NA",18400,"NA",19600,19700,20700,20900,"NA","NA",20900,"NA",18300,"NA",17700,"NA","NA","NA","NA","NA","NA","NA",17000,"NA",16600,"NA",15600,15900,16400,17100,"NA","NA","NA",21100,"NA",21500,"NA",20300,19300,20800,21800,"NA","NA","NA",23500,"NA",22800,"NA",23900,25200,26800,27400,"NA","NA","NA","NA","NA","NA","NA",22800,22000,22500,23800,"NA","NA","NA",21100,"NA",21500,"NA",22000,21600,24000,24900,"NA","NA","NA",21100,"NA",20300,"NA","NA",20700,21800,21300,"NA","NA","NA","NA","NA","NA","NA","NA","NA","NA","NA","NA","NA","NA","NA","NA","NA","NA","NA","NA","NA","NA","NA","NA","NA",0.3631285,"NA",0.3554502,"NA",0.3465346,0.349,0.375,"NA","NA","NA",0.3986487,"NA",0.3303168,"NA",0.3367347,"NA","NA","NA","NA","NA","NA","NA",0.3349057,"NA",0.3023256,"NA",0.2977099,0.327,0.362,"NA","NA","NA",0.3552631,"NA",0.3055556,"NA",0.2748092,"NA","NA","NA","NA","NA","NA","NA",0.2679426,"NA",0.2536232,"NA",0.2148438,0.211,0.185,"NA","NA","NA","NA",2400,"NA",1300,"NA",3600,5900,6000,5600,"NA","NA","MP",,
"ObjectID","{""type"":""Buffer"",""data"":[92,155,230,38,17,220,119,0,20,220,147,122]}",,"MS","NA",37062.12,"NA",36638.49,"NA",34865.82,34698.14,34778.78,35825.16,"NA","NA",35329.74,"NA",35262.96,"NA",33791.52,"NA","NA","NA","NA","NA","NA","NA",33692.88,"NA",32769.76,"NA",31267.3,31140.02,31708.7,32891.35,"NA","NA",31755.37,"NA",31406.02,"NA",29859.28,"NA","NA","NA","NA","NA","NA","NA",29585.83,"NA",28670.51,"NA",27609.67,27846.22,27970.33,28570.52,"NA","NA","NA",31869.47,"NA",31874.92,"NA",30331.05,30005.87,29768.88,30989.14,"NA","NA","NA",44084.21,"NA",42551.51,"NA",40750.46,41049.21,41943.89,43233.33,"NA","NA","NA",37171.64,"NA",36394.58,"NA",34984.85,34756.79,35134.39,35875.57,"NA","NA","NA",34418.36,"NA",34955.97,"NA",32404.21,32699.32,32527.13,34089.64,"NA","NA","NA",24813.45,"NA",28771.39,"NA",27093.61,30133.2,29952.32,31423.65,"NA","NA","NA",33640.61,"NA",36979.16,"NA",35034.07,35685.62,36046.02,39284.42,"NA","NA","NA",46985.41,"NA",46693.88,"NA",45376.53,45604.89,46205.74,46920.25,"NA","NA","NA",0.6292059,"NA",0.6217428,"NA",0.5889989,0.5852482,0.583806,"NA","NA","NA",0.6102956,"NA",0.607805,"NA",0.576421,"NA","NA","NA","NA","NA","NA","NA",0.5884028,"NA",0.5621571,"NA",0.5353289,0.5292595,0.5393088,"NA","NA","NA",0.5614759,"NA",0.547099,"NA",0.5130165,"NA","NA","NA","NA","NA","NA","NA",0.519556,"NA",0.4946802,"NA",0.4658688,0.4747437,0.4767317,"NA","NA","NA","NA",12214.74,"NA",10676.59,"NA",10419.41,11043.34,12175.01,12244.19,"NA","NA","MS","Mississippi","mississippi"
"ObjectID","{""type"":""Buffer"",""data"":[92,155,230,38,17,220,119,0,20,220,147,123]}",,"MT","NA",39495.13,"NA",38889.69,"NA",38751.16,38886,39893.91,41793.16,"NA","NA",37911.9,"NA",37533.34,"NA",36920.26,"NA","NA","NA","NA","NA","NA","NA",36008.36,"NA",35065.21,"NA",35170.07,35992.75,36529.93,38366.41,"NA","NA",34085.59,"NA",33695.86,"NA",32760.63,"NA","NA","NA","NA","NA","NA","NA",32142.7,"NA",30930.13,"NA",31054.38,31960.4,32933.91,33682.49,"NA","NA","NA",32246.72,"NA",33039.65,"NA",32410.63,32463.07,33369.4,34681.97,"NA","NA","NA",46879.42,"NA",44971.88,"NA",45961.52,45712.89,46731.48,49148.03,"NA","NA","NA",42597.3,"NA",40945.65,"NA",41181.16,41045.29,42054.53,44253.66,"NA","NA","NA",35453.41,"NA",35659.23,"NA",33909.79,33903.93,35387.93,36985.53,"NA","NA","NA",27712.75,"NA",28661.42,"NA",26740.65,31475.38,32370.86,34363.39,"NA","NA","NA",35800.53,"NA",35283.06,"NA",35312.89,37088.3,38261.21,43396.59,"NA","NA","NA",45602.43,"NA",44974.83,"NA",43411.21,44841.76,46408.21,48960.11,"NA","NA","NA",0.6470807,"NA",0.6411715,"NA",0.6398816,0.6410024,0.6564588,"NA","NA","NA",0.6384131,"NA",0.6349505,"NA",0.6232355,"NA","NA","NA","NA","NA","NA","NA",0.6195357,"NA",0.6051262,"NA",0.5977911,0.6134908,0.6167108,"NA","NA","NA",0.6032281,"NA",0.5911561,"NA",0.5700598,"NA","NA","NA","NA","NA","NA","NA",0.5697749,"NA",0.5483934,"NA",0.5343937,0.5489348,0.5677806,"NA","NA","NA","NA",14632.7,"NA",11932.23,"NA",13550.89,13249.83,13362.08,14466.06,"NA","NA","MT","Montana","montana"
"ObjectID","{""type"":""Buffer"",""data"":[92,155,230,38,17,220,119,0,20,220,147,124]}",,"NC","NA",41255.27,"NA",39194.9,"NA",37637.47,37248.5,37494.02,38636.67,"NA","NA",39414.45,"NA",37765.29,"NA",35961.43,"NA","NA","NA","NA","NA","NA","NA",36287.68,"NA",34537.82,"NA",33325.43,33191.85,33520.95,35114.94,"NA","NA",34312.5,"NA",32956.64,"NA",31427.07,"NA","NA","NA","NA","NA","NA","NA",31535.59,"NA",29908.82,"NA",28785.49,29231.76,29897.86,30991.66,"NA","NA","NA",33623.47,"NA",33766.18,"NA",32471.11,32108.6,32461.11,34493.3,"NA","NA","NA",48557.68,"NA",45381.6,"NA",44097.56,43806.66,43873.88,45516.01,"NA","NA","NA",40708.63,"NA",38138.52,"NA",37966.02,37433.73,37610.44,40296.55,"NA","NA","NA",35418.36,"NA",34368.68,"NA",33393.68,33253.72,33656.03,34832.19,"NA","NA","NA",20484.28,"NA",19898.35,"NA",17533.29,30801.23,31171.85,32048.7,"NA","NA","NA",33624.49,"NA",31420.66,"NA",28014.97,27062.93,27910.72,38801.98,"NA","NA","NA",51159.13,"NA",48669.39,"NA",46679.7,47366.18,48634.68,50494.76,"NA","NA","NA",0.6821414,"NA",0.6523141,"NA",0.6315584,0.6247737,0.6247214,"NA","NA","NA",0.6713089,"NA",0.6448543,"NA",0.6146982,"NA","NA","NA","NA","NA","NA","NA",0.6353015,"NA",0.6027055,"NA",0.575974,0.5761753,0.5838487,"NA","NA","NA",0.614912,"NA",0.5862987,"NA",0.5480943,"NA","NA","NA","NA","NA","NA","NA",0.5694422,"NA",0.5272571,"NA",0.5029046,0.5106756,0.5243622,"NA","NA","NA","NA",14934.21,"NA",11615.41,"NA",11626.45,11698.06,11412.76,11022.7,"NA","NA","NC","North Carolina","north_carolina"
"ObjectID","{""type"":""Buffer"",""data"":[92,155,230,38,17,220,119,0,20,220,147,125]}",,"ND","NA",44191.97,"NA",44813.86,"NA",46962.01,47040.49,48058.8,50752.38,"NA","NA",41958.35,"NA",42695.97,"NA",44038.54,"NA","NA","NA","NA","NA","NA","NA",40795.95,"NA",41435.6,"NA",42183.28,43212.51,44550,47819.49,"NA","NA",38146.39,"NA",39061.27,"NA",39256.86,"NA","NA","NA","NA","NA","NA","NA",36822.55,"NA",36490.21,"NA",37782.16,39022.64,40488.05,42703.41,"NA","NA","NA",36322.8,"NA",36172.7,"NA",36181.31,35673.85,36501.68,40358.31,"NA","NA","NA",51504.41,"NA",52235.4,"NA",55750.27,56341.67,57661.69,60380.35,"NA","NA","NA",42597.53,"NA",45476.98,"NA",47514.51,48032.86,48733.95,51010.27,"NA","NA","NA",38833.13,"NA",39011.66,"NA",40329.83,39411.91,41411.27,44983.35,"NA","NA","NA",34153.49,"NA",34512.02,"NA",32831.79,37272.79,39825.97,44389.77,"NA","NA","NA",41377.16,"NA",43693.23,"NA",43188.96,46724.01,47066.05,50966.25,"NA","NA","NA",48701.29,"NA",49717.88,"NA",51631.29,52510.18,53560.32,55206.5,"NA","NA","NA",0.7414492,"NA",0.7419655,"NA",0.7534584,0.7597955,0.7603666,"NA","NA","NA",0.7282271,"NA",0.7275768,"NA",0.7316163,"NA","NA","NA","NA","NA","NA","NA",0.7159455,"NA",0.7134693,"NA",0.7167559,0.7421902,0.7544261,"NA","NA","NA",0.6958632,"NA",0.6961451,"NA",0.6880328,"NA","NA","NA","NA","NA","NA","NA",0.6737534,"NA",0.6646474,"NA",0.6792068,0.7027906,0.7221985,"NA","NA","NA","NA",15181.61,"NA",16062.7,"NA",19568.96,20667.82,21160.01,20022.04,"NA","NA","ND","North Dakota","north_dakota"
"ObjectID","{""type"":""Buffer"",""data"":[92,155,230,38,17,220,119,0,20,220,147,126]}",,"NE","NA",44019.33,"NA",44097.9,"NA",43289.51,42933,43899.93,46408,"NA","NA",42047.06,"NA",42835.42,"NA",41472.23,"NA","NA","NA","NA","NA","NA","NA",40835.67,"NA",40052,"NA",39230.24,39629.33,39955.97,40585.07,"NA","NA",38661.05,"NA",38487.45,"NA",37208.27,"NA","NA","NA","NA","NA","NA","NA",36413.5,"NA",35365.49,"NA",34490.24,34546.22,35295.15,36102.55,"NA","NA","NA",35112.97,"NA",35303.07,"NA",34344.8,33977.46,34256.89,39018.27,"NA","NA","NA",51138.98,"NA",50193.95,"NA",49966.39,50406.85,52137.44,54544.48,"NA","NA","NA",39051.34,"NA",39548.71,"NA",39528.13,40720.82,40716.26,43473.78,"NA","NA","NA",40464.67,"NA",41568.34,"NA",41517.77,41486.42,42790.17,45023.43,"NA","NA","NA",30348.21,"NA",36201.2,"NA",34953.32,36462.36,37422.9,39535.89,"NA","NA","NA",39267.23,"NA",42066.14,"NA",41027.98,42175.13,42537.13,45090.05,"NA","NA","NA",48829.87,"NA",47126.49,"NA",47228.63,48425.94,50101.53,52216.84,"NA","NA","NA",0.7360633,"NA",0.7368935,"NA",0.7234332,0.7205459,0.7265188,"NA","NA","NA",0.7260523,"NA",0.7304008,"NA",0.7115264,"NA","NA","NA","NA","NA","NA","NA",0.7171732,"NA",0.7069609,"NA",0.686565,0.695278,0.7031012,"NA","NA","NA",0.6983967,"NA",0.6951699,"NA",0.6660215,"NA","NA","NA","NA","NA","NA","NA",0.6748397,"NA",0.6477571,"NA",0.6281625,0.6246423,0.6370044,"NA","NA","NA","NA",16026.01,"NA",14890.88,"NA",15621.58,16429.39,17880.54,15526.2,"NA","NA","NE","Nebraska","nebraska"
"ObjectID","{""type"":""Buffer"",""data"":[92,155,230,38,17,220,119,0,20,220,147,127]}",,"NH","NA",46541.12,"NA",45275.21,"NA",44469.01,44975.1,46009.48,48331.73,"NA","NA",44464.15,"NA",43282.53,"NA",42570.25,"NA","NA","NA","NA","NA","NA","NA",41562.06,"NA",40749.89,"NA",39550.69,40147.83,41153.5,43572.23,"NA","NA",39358.05,"NA",38655.75,"NA",37794.01,"NA","NA","NA","NA","NA","NA","NA",36563.63,"NA",35904.87,"NA",34741.84,35322.2,36313,37833.21,"NA","NA","NA",39603.62,"NA",38658.84,"NA",38392.5,38314.96,38604.2,42926.98,"NA","NA","NA",54942.2,"NA",52919.78,"NA",52613.59,52662.17,53981.83,57087.56,"NA","NA","NA",44549.38,"NA",37341.5,"NA",41360.11,41743.38,42152.11,49404.08,"NA","NA","NA",38102.56,"NA",38834.7,"NA",39768.8,39413.93,40267.71,40358.13,"NA","NA","NA",38091.64,"NA",36806.53,"NA",35636.93,36914.51,37059.68,38387.66,"NA","NA","NA",44684.63,"NA",43674.97,"NA",41790.57,42749.04,44288.68,45401.74,"NA","NA","NA",52796.91,"NA",50299.64,"NA",48946.78,49557.7,50897.23,53911.52,"NA","NA","NA",0.7428537,"NA",0.736891,"NA",0.719676,0.7345649,0.7434393,"NA","NA","NA",0.7375726,"NA",0.7260921,"NA",0.7138486,"NA","NA","NA","NA","NA","NA","NA",0.7221241,"NA",0.7067645,"NA",0.684924,0.6980039,0.7063602,"NA","NA","NA",0.7098213,"NA",0.6945517,"NA",0.6732662,"NA","NA","NA","NA","NA","NA","NA",0.6796876,"NA",0.6538187,"NA",0.6319353,0.6413925,0.654868,"NA","NA","NA","NA",15338.58,"NA",14260.93,"NA",14221.09,14347.21,15377.63,14160.58,"NA","NA","NH","New Hampshire","new_hampshire"
"ObjectID","{""type"":""Buffer"",""data"":[92,155,230,38,17,220,119,0,20,220,147,128]}",,"NJ","NA",50163.87,"NA",47941.75,"NA",45753.93,45107.96,46045.64,47127.91,"NA","NA",47789.33,"NA",46180.03,"NA",43934.13,"NA","NA","NA","NA","NA","NA","NA",44448.69,"NA",42297.08,"NA",40022.29,39300.86,39786.07,41357.73,"NA","NA",42109.83,"NA",40444.41,"NA",38078.2,"NA","NA","NA","NA","NA","NA","NA",38480.96,"NA",36327.26,"NA",33162.26,33139.72,33871.79,34516.1,"NA","NA","NA",40496.98,"NA",39699.06,"NA",38715.52,37733.72,38826.85,41721.9,"NA","NA","NA",56495.1,"NA",52877.79,"NA",50285.59,49710.41,51647.85,54717.21,"NA","NA","NA",50079.45,"NA",47686.41,"NA",45517.47,45444.26,46488.11,47790.57,"NA","NA","NA",41618.64,"NA",41551.12,"NA",40033.88,37489.68,40243.66,41771.52,"NA","NA","NA",35625.06,"NA",37758.64,"NA",34630.68,38253.28,39180.54,40715.39,"NA","NA","NA",47482.07,"NA",46987.96,"NA",43954.62,43033.98,43131.99,46181.75,"NA","NA","NA",60057.22,"NA",55781.18,"NA",53020.12,53274.05,54357.21,55232.47,"NA","NA","NA",0.7517148,"NA",0.7236217,"NA",0.6993856,0.6938213,0.7029976,"NA","NA","NA",0.7410325,"NA",0.7224599,"NA",0.6914514,"NA","NA","NA","NA","NA","NA","NA",0.7183096,"NA",0.6846517,"NA",0.6489935,0.642022,0.6521565,"NA","NA","NA",0.7035662,"NA",0.6791944,"NA",0.6316251,"NA","NA","NA","NA","NA","NA","NA",0.6667483,"NA",0.6184504,"NA",0.5671621,0.5649273,0.580784,"NA","NA","NA","NA",15998.13,"NA",13178.73,"NA",11570.07,11976.69,12821,12995.31,"NA","NA","NJ","New Jersey","new_jersey"
"ObjectID","{""type"":""Buffer"",""data"":[92,155,230,38,17,220,119,0,20,220,147,129]}",,"NM","NA",39115.09,"NA",37707.44,"NA",36389.66,36499.34,37152.63,37609.65,"NA","NA",37336.61,"NA",36269.64,"NA",34895.84,"NA","NA","NA","NA","NA","NA","NA",34517.38,"NA",33647.31,"NA",32972.09,32484.45,32648.89,33617.46,"NA","NA",32152.21,"NA",32270.48,"NA",31076.38,"NA","NA","NA","NA","NA","NA","NA",30327.36,"NA",29597.13,"NA",28086.27,28062.69,28157.76,28768.55,"NA","NA","NA",33865.75,"NA",33009.65,"NA",31441.38,31323.83,31638.7,32160.18,"NA","NA","NA",45346.13,"NA",43520.78,"NA",42036.41,42765.23,44214.38,44669.2,"NA","NA","NA",39587.91,"NA",37854.42,"NA",36332.73,36510.61,37558.63,38498.02,"NA","NA","NA",37342.64,"NA",36395.93,"NA",34807.32,35074.71,35432.32,36453.04,"NA","NA","NA",29901.5,"NA",30059.93,"NA",26710.61,32078.88,32664.27,33489.07,"NA","NA","NA",36667.52,"NA",36709.5,"NA",34293.46,35349.18,34317.39,41006.44,"NA","NA","NA",46787.06,"NA",44215.01,"NA",43592.25,46423.71,45834.26,46812.58,"NA","NA","NA",0.6549158,"NA",0.6295848,"NA",0.6137664,0.6061864,0.6086218,"NA","NA","NA",0.6341118,"NA",0.6171666,"NA",0.5961855,"NA","NA","NA","NA","NA","NA","NA",0.6000404,"NA",0.5819895,"NA",0.5585638,0.5516655,0.5527167,"NA","NA","NA",0.5680978,"NA",0.5662153,"NA",0.5294827,"NA","NA","NA","NA","NA","NA","NA",0.535542,"NA",0.5094224,"NA",0.4739074,0.4758624,0.4765545,"NA","NA","NA","NA",11480.38,"NA",10511.13,"NA",10595.04,11441.4,12575.68,12509.02,"NA","NA","NM","New Mexico","new_mexico"
"ObjectID","{""type"":""Buffer"",""data"":[92,155,230,38,17,220,119,0,20,220,147,130]}",,"NV","NA",42741.67,"NA",42197.23,"NA",41215.27,40006.77,40039.65,42150.48,"NA","NA",41542.54,"NA",41465.6,"NA",38851.57,"NA","NA","NA","NA","NA","NA","NA",38130.28,"NA",37529.96,"NA",35767.98,35969.57,36669.52,39440.11,"NA","NA",36456.83,"NA",36579.64,"NA",34183.33,"NA","NA","NA","NA","NA","NA","NA",34554.18,"NA",32878.06,"NA",31771.1,32123.04,32801.01,33737.77,"NA","NA","NA",33345.85,"NA",36430.62,"NA",35377.54,35196.19,35381.24,38006.91,"NA","NA","NA",50399.23,"NA",50029.97,"NA",48655.37,46917.09,47169.68,50804.16,"NA","NA","NA",46258.89,"NA",43206.8,"NA",42650.7,41879.09,42271.69,44429.32,"NA","NA","NA",38262.43,"NA",40560.27,"NA",39215.37,38098.69,38155.28,39943.07,"NA","NA","NA",16224.83,"NA",34414.73,"NA",32408.44,34851.01,34773.88,37456.79,"NA","NA","NA",28143.61,"NA",44445.77,"NA",41415.36,39152,39253.05,40560.95,"NA","NA","NA",45119.51,"NA",48155.39,"NA",47241.74,46769.52,46542.31,48556.13,"NA","NA","NA",0.6820656,"NA",0.6705766,"NA",0.6643872,0.6517,0.6513543,"NA","NA","NA",0.67707,"NA",0.67071,"NA",0.6389996,"NA","NA","NA","NA","NA","NA","NA",0.6497145,"NA",0.6300232,"NA",0.6122304,0.6164791,0.6231135,"NA","NA","NA",0.6376043,"NA",0.6244503,"NA",0.5925276,"NA","NA","NA","NA","NA","NA","NA",0.6076322,"NA",0.5771194,"NA",0.5605025,0.5731165,0.5764085,"NA","NA","NA","NA",17053.38,"NA",13599.35,"NA",13277.84,11720.9,11788.45,12797.25,"NA","NA","NV","Nevada","nevada"
"ObjectID","{""type"":""Buffer"",""data"":[92,155,230,38,17,220,119,0,20,220,147,131]}",,"NY","NA",48488.21,"NA",46710.3,"NA",45551.7,45297.38,46556.49,47410.05,"NA","NA",45851.28,"NA",44876.61,"NA",43649.71,"NA","NA","NA","NA","NA","NA","NA",42902.58,"NA",41763.18,"NA",40194.58,39838.58,40446.81,41537.86,"NA","NA",40084.32,"NA",39731.07,"NA",37984.52,"NA","NA","NA","NA","NA","NA","NA",37307.34,"NA",35781.17,"NA",33908.19,33662.24,34526.96,35180.25,"NA","NA","NA",41792.32,"NA",41323.79,"NA",39595.45,38978.89,40036.93,42704.2,"NA","NA","NA",53085.02,"NA",50632.68,"NA",49938.3,50191.8,51640.97,53879.14,"NA","NA","NA",48263.23,"NA",46649.21,"NA",44003.19,43340.28,45059.18,46548.85,"NA","NA","NA",42085.2,"NA",41312.78,"NA",39591.62,38473.31,41325.73,44056.79,"NA","NA","NA",36960.98,"NA",38745.16,"NA",34214.33,38311.05,39051.09,40982.26,"NA","NA","NA",47488.41,"NA",46517.02,"NA",43298.7,43469.91,44868.63,47210.52,"NA","NA","NA",58018.59,"NA",55178.95,"NA",53846.52,53849.58,55772.22,56910,"NA","NA","NA",0.7334557,"NA",0.7130027,"NA",0.6948112,0.6898671,0.7034786,"NA","NA","NA",0.7183553,"NA",0.7089309,"NA",0.6841063,"NA","NA","NA","NA","NA","NA","NA",0.6993158,"NA",0.6751174,"NA",0.6473948,0.63977,0.6519492,"NA","NA","NA",0.6726799,"NA",0.6610014,"NA",0.6263419,"NA","NA","NA","NA","NA","NA","NA",0.6401055,"NA",0.6050656,"NA",0.570035,0.5638176,0.5772912,"NA","NA","NA","NA",11292.7,"NA",9308.887,"NA",10342.86,11212.92,11604.05,11174.95,"NA","NA","NY","New York","new_york"
"ObjectID","{""type"":""Buffer"",""data"":[92,155,230,38,17,220,119,0,20,220,147,132]}",,"OH","NA",42037.66,"NA",40634.88,"NA",39807.95,39699.45,40413.47,42369.76,"NA","NA",40260.06,"NA",39105.66,"NA",38150.18,"NA","NA","NA","NA","NA","NA","NA",37675.33,"NA",36460.24,"NA",35834.88,35915.69,36514.22,38344.76,"NA","NA",35697.11,"NA",34884.87,"NA",33942.65,"NA","NA","NA","NA","NA","NA","NA",33099.5,"NA",32045.53,"NA",31256.88,31466.03,31967.38,33311.29,"NA","NA","NA",34251.46,"NA",34083.7,"NA",33222.59,33009.21,33181.54,36246.43,"NA","NA","NA",48307.03,"NA",45721.24,"NA",45524.49,45474.54,46425.53,49371.74,"NA","NA","NA",39871.52,"NA",39718.69,"NA",39291.11,39424.53,40071.26,42946,"NA","NA","NA",34109.39,"NA",34118.27,"NA",32279.02,32124.58,32672.29,36209.98,"NA","NA","NA",30684.69,"NA",31007.11,"NA",29194.94,30979.11,31544.89,33867.77,"NA","NA","NA",40837.09,"NA",40106.5,"NA",38491.64,38364.54,39454.17,42708.48,"NA","NA","NA",49588.91,"NA",47533.16,"NA",46595.71,47145.91,48637.8,50700.54,"NA","NA","NA",0.6966535,"NA",0.6768207,"NA",0.6649495,0.6669949,0.6716495,"NA","NA","NA",0.6859358,"NA",0.6691006,"NA",0.6508197,"NA","NA","NA","NA","NA","NA","NA",0.6608832,"NA",0.6368011,"NA",0.6220084,0.6247884,0.63481,"NA","NA","NA",0.6412619,"NA",0.6221285,"NA",0.5980429,"NA","NA","NA","NA","NA","NA","NA",0.6026275,"NA",0.5729794,"NA",0.55427,0.5596499,0.567346,"NA","NA","NA","NA",14055.57,"NA",11637.54,"NA",12301.9,12465.33,13243.99,13125.31,"NA","NA","OH","Ohio","ohio"
"ObjectID","{""type"":""Buffer"",""data"":[92,155,230,38,17,220,119,0,20,220,147,133]}",,"OK","NA",40123.58,"NA",39615.33,"NA",39683.27,39930.79,40387.99,41587.79,"NA","NA",38379.33,"NA",38250.85,"NA",37792.9,"NA","NA","NA","NA","NA","NA","NA",36660.61,"NA",36044.3,"NA",35767.51,36097.81,36942.88,38645.62,"NA","NA",34449.12,"NA",34532.05,"NA",33676.62,"NA","NA","NA","NA","NA","NA","NA",32594.79,"NA",31767.97,"NA",31775.68,32637.91,33362.96,34433.74,"NA","NA","NA",32593.97,"NA",32305.23,"NA",31599.18,32025.01,32598.37,34762.41,"NA","NA","NA",46131.4,"NA",45178.42,"NA",45515.4,46060.75,46881.35,48245.32,"NA","NA","NA",41720.92,"NA",41371.55,"NA",41493.18,41864.6,42535.37,43916.91,"NA","NA","NA",36239.37,"NA",35881.14,"NA",34011.93,34069.7,34355.74,37543.87,"NA","NA","NA",29569.07,"NA",30620.88,"NA",29336.83,32953.13,33018.54,34555.42,"NA","NA","NA",38289.66,"NA",38812.45,"NA",39215.52,39569.72,39600.46,43191.2,"NA","NA","NA",47961.81,"NA",46901.04,"NA",47612.81,48463.56,49964.52,51698.41,"NA","NA","NA",0.6664398,"NA",0.653185,"NA",0.6487637,0.6510038,0.6532515,"NA","NA","NA",0.6527945,"NA",0.6458775,"NA",0.6363772,"NA","NA","NA","NA","NA","NA","NA",0.6307212,"NA",0.6223024,"NA",0.6038527,0.6155321,0.6315239,"NA","NA","NA",0.6060904,"NA",0.6067024,"NA",0.5807663,"NA","NA","NA","NA","NA","NA","NA",0.5802761,"NA",0.5594152,"NA",0.5567898,0.5743824,0.5851586,"NA","NA","NA","NA",13537.42,"NA",12873.19,"NA",13916.22,14035.75,14282.98,13482.91,"NA","NA","OK","Oklahoma","oklahoma"
"ObjectID","{""type"":""Buffer"",""data"":[92,155,230,38,17,220,119,0,20,220,147,134]}",,"OR","NA",42092.51,"NA",40853.9,"NA",40137.86,40335.42,41209.3,42146.84,"NA","NA",40206.61,"NA",39323.63,"NA",38420.9,"NA","NA","NA","NA","NA","NA","NA",37939.66,"NA",36760.62,"NA",36185.58,36008.34,36615.7,37920.74,"NA","NA",35878.75,"NA",35188.1,"NA",34219,"NA","NA","NA","NA","NA","NA","NA",33438.99,"NA",32330.71,"NA",31343.24,31540.34,32274.57,32800.43,"NA","NA","NA",33900.33,"NA",33622.75,"NA",34659.72,34714.24,35237.47,37689.28,"NA","NA","NA",50173.38,"NA",46400.29,"NA",46624.69,46945.71,48344.26,50068.93,"NA","NA","NA",41215.26,"NA",41538.64,"NA",40484.44,40791.18,41803.91,43564.72,"NA","NA","NA",37680.57,"NA",37483.18,"NA",36848.78,37263.13,37865.79,39725.66,"NA","NA","NA",31554.41,"NA",33986.22,"NA",32774.43,34942.2,35622.81,37343.87,"NA","NA","NA",39828.48,"NA",40995.98,"NA",40584.75,41179.13,41146.01,43826.69,"NA","NA","NA",48108.37,"NA",46292.85,"NA",46192.79,46749.36,48378.51,50595.75,"NA","NA","NA",0.6756777,"NA",0.6536701,"NA",0.6465614,0.6487404,0.6576742,"NA","NA","NA",0.6646415,"NA",0.6494447,"NA",0.6335356,"NA","NA","NA","NA","NA","NA","NA",0.6451427,"NA",0.6190594,"NA",0.6091757,0.6081224,0.6164596,"NA","NA","NA",0.6281761,"NA",0.6082602,"NA",0.5888948,"NA","NA","NA","NA","NA","NA","NA",0.5921299,"NA",0.5660756,"NA",0.5406856,0.5418107,0.5514163,"NA","NA","NA","NA",16273.05,"NA",12777.55,"NA",11964.96,12231.47,13106.79,12379.66,"NA","NA","OR","Oregon","oregon"
"ObjectID","{""type"":""Buffer"",""data"":[92,155,230,38,17,220,119,0,20,220,147,135]}",,"PA","NA",47015.11,"NA",45632.25,"NA",45610.23,46148.27,47538.63,48671.01,"NA","NA",44665.98,"NA",43834.96,"NA",43471.77,"NA","NA","NA","NA","NA","NA","NA",41798.09,"NA",41562.22,"NA",41136.93,41004.93,41647.07,42756.3,"NA","NA",39314.77,"NA",39526.8,"NA",38800.86,"NA","NA","NA","NA","NA","NA","NA",37132.88,"NA",36570.28,"NA",34941.07,35079.43,35819.71,36202.8,"NA","NA","NA",37840.65,"NA",38016.66,"NA",37752.31,37646.71,39297.45,42377.97,"NA","NA","NA",52012.53,"NA",49089.08,"NA",49812.2,50433.88,52013.13,55898.7,"NA","NA","NA",43277.97,"NA",42227.47,"NA",42362.09,43117.54,43705.32,47081.38,"NA","NA","NA",38677.66,"NA",37817.04,"NA",37819.52,38466.9,41207.93,44449.7,"NA","NA","NA",35538.99,"NA",35430.8,"NA",33772.77,36829.12,38673.57,39529.63,"NA","NA","NA",44745.65,"NA",42940.25,"NA",42017.26,42353.43,43750.35,45798.74,"NA","NA","NA",54467.12,"NA",51497.55,"NA",51155.18,52821.72,54646.74,56218.97,"NA","NA","NA",0.7372219,"NA",0.7198839,"NA",0.713976,0.714548,0.7267933,"NA","NA","NA",0.7247483,"NA",0.7154583,"NA",0.7003345,"NA","NA","NA","NA","NA","NA","NA",0.7056934,"NA",0.6883703,"NA",0.6755981,0.6715603,0.6809672,"NA","NA","NA",0.6861163,"NA",0.6769363,"NA",0.6511757,"NA","NA","NA","NA","NA","NA","NA",0.6568297,"NA",0.6292959,"NA",0.6031714,0.6017562,0.6119077,"NA","NA","NA","NA",14171.88,"NA",11072.42,"NA",12059.89,12787.16,12715.69,13520.73,"NA","NA","PA","Pennsylvania","pennsylvania"
"ObjectID","{""type"":""Buffer"",""data"":[92,155,230,38,17,220,119,0,20,220,147,136]}",,"PR","NA",23552.72,"NA",23483.83,"NA",21543.5,21070.22,21250.92,22395.9,"NA","NA",22677.9,"NA",23069.5,"NA",21037.74,"NA","NA","NA","NA","NA","NA","NA",22262.28,"NA",22248.18,"NA",19379.21,19409.55,19528.13,20392.92,"NA","NA",21295.87,"NA",21501.38,"NA",18764.82,"NA","NA","NA","NA","NA","NA","NA",20266.19,"NA",18436.69,"NA",17444.51,17185.8,17370.9,18521.95,"NA","NA","NA",20230.16,"NA",20018.77,"NA",17884.08,17432.17,17575.35,18599.6,"NA","NA","NA",24152.87,"NA",23588.25,"NA",21992.59,21243.02,21362.49,24338.23,"NA","NA","NA",23378.96,"NA",23095.29,"NA",20778.84,20296.73,20325.21,21439.35,"NA","NA","NA",22883.22,"NA",23645.96,"NA",22044.35,21293.13,21601.5,23119.16,"NA","NA","NA",12669.09,"NA",16345.08,"NA",11720.66,18188.02,18423.57,20277.57,"NA","NA","NA",18173.91,"NA",20733.67,"NA",14556.44,9332.594,6153.675,18334.46,"NA","NA","NA",24377.32,"NA",28223.29,"NA",16462.63,27659.55,15554.57,24821.86,"NA","NA","NA",0.3677623,"NA",0.3514425,"NA",0.3040307,0.2860705,0.2899497,"NA","NA","NA",0.3459362,"NA",0.3452495,"NA",0.2946189,"NA","NA","NA","NA","NA","NA","NA",0.3254588,"NA",0.3213404,"NA",0.2495001,0.2476974,0.2477269,"NA","NA","NA",0.302741,"NA",0.3050926,"NA",0.2362382,"NA","NA","NA","NA","NA","NA","NA",0.2796473,"NA",0.2268019,"NA",0.2028833,0.1930704,0.1965546,"NA","NA","NA","NA",3922.711,"NA",3569.479,"NA",4108.514,3810.85,3787.143,5738.633,"NA","NA","PR","Puerto Rico","puerto_rico"
"ObjectID","{""type"":""Buffer"",""data"":[92,155,230,38,17,220,119,0,20,220,147,137]}",,"PW","NA","NA","NA",22400,"NA",24600,25200,26000,"NA","NA","NA","NA","NA",21600,"NA",23400,"NA","NA","NA","NA","NA","NA","NA",21400,"NA",22200,"NA",21600,20600,29900,31900,"NA","NA",20700,"NA",20400,"NA",19700,"NA","NA","NA","NA","NA","NA","NA",19100,"NA",20600,"NA","NA",17500,19800,"NA","NA","NA","NA","NA","NA","NA","NA",23100,23100,"NA","NA","NA","NA","NA","NA","NA","NA","NA",26500,26700,"NA","NA","NA","NA","NA","NA","NA","NA","NA","NA","NA","NA","NA","NA","NA","NA","NA","NA","NA","NA","NA","NA","NA","NA","NA","NA","NA","NA","NA","NA","NA","NA","NA","NA","NA","NA","NA","NA","NA","NA","NA","NA","NA","NA","NA","NA","NA","NA","NA","NA","NA","NA","NA","NA","NA","NA","NA","NA","NA","NA","NA","NA",0.4235294,"NA",0.4817519,0.491,0.458,"NA","NA","NA","NA","NA",0.3258427,"NA",0.3768116,"NA","NA","NA","NA","NA","NA","NA",0.3448276,"NA",0.3661972,"NA",0.368,0.28,0.404,"NA","NA","NA",0.282353,"NA",0.3006993,"NA",0.3196721,"NA","NA","NA","NA","NA","NA","NA",0.2374101,"NA",0.3361345,"NA","NA",0.23,0.339,"NA","NA","NA","NA","NA","NA","NA","NA",3400,3600,"NA","NA","NA","NA","PW",,
"ObjectID","{""type"":""Buffer"",""data"":[92,155,230,38,17,220,119,0,20,220,147,138]}",,"RI","NA",47237.79,"NA",45377.55,"NA",45164.98,45709.82,47960.67,50185.45,"NA","NA",45195.6,"NA",43674.05,"NA",42556.65,"NA","NA","NA","NA","NA","NA","NA",42327.19,"NA",40606.27,"NA",40098.71,41021.97,41996.55,44337.18,"NA","NA",39977.39,"NA",38830.47,"NA",37272.73,"NA","NA","NA","NA","NA","NA","NA",37032.27,"NA",35108.73,"NA",34358.85,35168.17,36658.13,38251.91,"NA","NA","NA",39617.56,"NA",40343.56,"NA",40686.39,41072.06,43339.8,45400.25,"NA","NA","NA",53921.86,"NA",50581.38,"NA",49667.02,50266.64,52800.66,53701.57,"NA","NA","NA",49647.96,"NA",38678.15,"NA",45560.02,41938.01,43800.39,47452.32,"NA","NA","NA",37300.03,"NA",36262.45,"NA",36509.62,37959.15,38769.8,42404.85,"NA","NA","NA",37655.89,"NA",36379.7,"NA",33345.49,36870.05,38488.31,40633,"NA","NA","NA",47685.96,"NA",45212.86,"NA",44436.58,44254.55,45498.4,46510.63,"NA","NA","NA",58242.4,"NA",54378.48,"NA",52835.05,52256.05,56062.47,58248.34,"NA","NA","NA",0.7340072,"NA",0.7189553,"NA",0.7159706,0.7289638,0.7482265,"NA","NA","NA",0.7336301,"NA",0.7145163,"NA",0.700762,"NA","NA","NA","NA","NA","NA","NA",0.7157622,"NA",0.6882583,"NA",0.6765041,0.6986535,0.7168969,"NA","NA","NA",0.7010443,"NA",0.6818816,"NA",0.6520283,"NA","NA","NA","NA","NA","NA","NA",0.6748476,"NA",0.6336064,"NA",0.6158518,0.6389081,0.6569453,"NA","NA","NA","NA",14304.3,"NA",10237.82,"NA",8980.629,9194.582,9460.855,8301.316,"NA","NA","RI","Rhode Island","rhode_island"
"ObjectID","{""type"":""Buffer"",""data"":[92,155,230,38,17,220,119,0,20,220,147,139]}",,"SC","NA",39108.06,"NA",37446.6,"NA",36345.53,36376.72,36837.86,38333.67,"NA","NA",37700.84,"NA",36219.96,"NA",35060.06,"NA","NA","NA","NA","NA","NA","NA",34997.02,"NA",33587.08,"NA",32836.61,32969.91,33631.51,34922.32,"NA","NA",33229.16,"NA",32086.31,"NA",31140.2,"NA","NA","NA","NA","NA","NA","NA",30689.48,"NA",29554.79,"NA",29000.13,29334.27,29812.77,30664.64,"NA","NA","NA",33006.02,"NA",31982.64,"NA",30836.28,31164.03,31536.24,33810.7,"NA","NA","NA",44305.24,"NA",41712.93,"NA",41352.09,41407.37,42170.14,44084.2,"NA","NA","NA",37193.37,"NA",35663.31,"NA",34791.72,34980.75,35497.36,37572.86,"NA","NA","NA",35895.13,"NA",34469.18,"NA",33675.13,34029.75,34413.36,36344.94,"NA","NA","NA",24805.29,"NA",25158.93,"NA",24038.77,30174.51,30827.23,32048.2,"NA","NA","NA",34036.98,"NA",34040,"NA",32027.06,33197.29,32995.83,37263.88,"NA","NA","NA",45375.61,"NA",43659.74,"NA",43643.52,45308.25,46007.73,47762.3,"NA","NA","NA",0.6677912,"NA",0.6375414,"NA",0.6175509,0.6206105,0.6217152,"NA","NA","NA",0.6553461,"NA",0.6309445,"NA",0.6069609,"NA","NA","NA","NA","NA","NA","NA",0.6245124,"NA",0.5918156,"NA",0.5745108,0.5707167,0.5850869,"NA","NA","NA",0.6024673,"NA",0.5742647,"NA",0.5462214,"NA","NA","NA","NA","NA","NA","NA",0.5600303,"NA",0.5194151,"NA",0.509134,0.5128752,0.5194881,"NA","NA","NA","NA",11299.22,"NA",9730.281,"NA",10515.8,10243.34,10633.9,10273.5,"NA","NA","SC","South Carolina","south_carolina"
"ObjectID","{""type"":""Buffer"",""data"":[92,155,230,38,17,220,119,0,20,220,147,140]}",,"SD","NA",41376.13,"NA",41519.75,"NA",40653.78,40948.14,42224.69,43779.96,"NA","NA",39518.77,"NA",39734.34,"NA",38812.57,"NA","NA","NA","NA","NA","NA","NA",38381.38,"NA",37296.44,"NA",37546.24,37857.34,38384.07,40330.87,"NA","NA",36258.38,"NA",35964.59,"NA",35537.14,"NA","NA","NA","NA","NA","NA","NA",34343.89,"NA",33878.46,"NA",33530.27,33979.32,34877.79,36391.74,"NA","NA","NA",33376.3,"NA",34279.82,"NA",33000.3,33357.94,34188.68,37202.37,"NA","NA","NA",48445.61,"NA",47468.81,"NA",47430.93,47958.43,49644.23,51433.55,"NA","NA","NA",43698.66,"NA",42435.75,"NA",42042.58,42263.29,43492.55,45284.09,"NA","NA","NA",36013.06,"NA",38980.56,"NA",36757.31,37459.96,38767.29,40390.24,"NA","NA","NA",33282.2,"NA",34507.89,"NA",31477.64,34792.75,35541.54,38525.23,"NA","NA","NA",42236.57,"NA",41125.72,"NA",40940.91,41172.82,42614.57,44267.01,"NA","NA","NA",47643.55,"NA",46483.69,"NA",45263.52,45238.34,46445.36,48438.54,"NA","NA","NA",0.7246475,"NA",0.7206676,"NA",0.7145743,0.7207931,0.726855,"NA","NA","NA",0.7144348,"NA",0.7081535,"NA",0.7029473,"NA","NA","NA","NA","NA","NA","NA",0.7005934,"NA",0.6932368,"NA",0.6879306,0.6955814,0.7094502,"NA","NA","NA",0.6811848,"NA",0.6807107,"NA",0.6670252,"NA","NA","NA","NA","NA","NA","NA",0.6616592,"NA",0.6473117,"NA",0.6403586,0.6559838,0.6633307,"NA","NA","NA","NA",15069.3,"NA",13188.99,"NA",14430.63,14600.49,15455.55,14231.18,"NA","NA","SD","South Dakota","south_dakota"
"ObjectID","{""type"":""Buffer"",""data"":[92,155,230,38,17,220,119,0,20,220,147,141]}",,"TN","NA",38896.75,"NA",38004.29,"NA",37127.39,36955.43,37484.56,38422.61,"NA","NA",37376.69,"NA",36583.13,"NA",35688.58,"NA","NA","NA","NA","NA","NA","NA",35470.36,"NA",34014.32,"NA",33474.77,33210.2,33770.78,35023.23,"NA","NA",33779.44,"NA",32407.8,"NA",31762.39,"NA","NA","NA","NA","NA","NA","NA",31119.99,"NA",29997.52,"NA",29240.07,29324.4,29773.7,30424.86,"NA","NA","NA",30959.36,"NA",31626.58,"NA",30738.71,30968.69,32001.9,34235.96,"NA","NA","NA",42072.4,"NA",39846.31,"NA",39867.03,43039.63,44273.79,46415.83,"NA","NA","NA",38569.58,"NA",37343.67,"NA",36736.28,36630.29,37412.72,38900.3,"NA","NA","NA",33854.16,"NA",32822.6,"NA",31828.71,31423.14,32273.41,34718.45,"NA","NA","NA",26237.38,"NA",28330.9,"NA",24212.92,29539.64,30069.65,32177.97,"NA","NA","NA",34807.14,"NA",36853.05,"NA",33305.55,33588.7,35072.39,40589.61,"NA","NA","NA",44374.15,"NA",44333.71,"NA",44321.67,45768.04,46605.03,48181.62,"NA","NA","NA",0.660808,"NA",0.6412954,"NA",0.6240619,0.6226681,0.6282569,"NA","NA","NA",0.6490127,"NA",0.6331413,"NA",0.6116782,"NA","NA","NA","NA","NA","NA","NA",0.6274976,"NA",0.5962386,"NA",0.5827186,0.5748271,0.5863574,"NA","NA","NA",0.6111506,"NA",0.5802513,"NA",0.5576546,"NA","NA","NA","NA","NA","NA","NA",0.565761,"NA",0.5321111,"NA",0.5139402,0.5154651,0.5239723,"NA","NA","NA","NA",11113.05,"NA",8219.736,"NA",9128.316,12070.95,12271.88,12179.86,"NA","NA","TN","Tennessee","tennessee"
"ObjectID","{""type"":""Buffer"",""data"":[92,155,230,38,17,220,119,0,20,220,147,142]}",,"TX","NA",42458.2,"NA",41376.12,"NA",41090.51,40982.38,41722.41,43061.85,"NA","NA",40121.51,"NA",39944.74,"NA",39188.59,"NA","NA","NA","NA","NA","NA","NA",38301.43,"NA",37456.05,"NA",36627.23,36703.74,37623.91,39142.28,"NA","NA",35853.56,"NA",35862.43,"NA",34561.87,"NA","NA","NA","NA","NA","NA","NA",33940.41,"NA",32660.95,"NA",31896.63,32348.93,33359.43,34421.39,"NA","NA","NA",35466.37,"NA",35164.94,"NA",34162.5,33808.71,34371.37,36627.08,"NA","NA","NA",48623.36,"NA",46252.78,"NA",47183.28,48049.48,50622.08,52655.5,"NA","NA","NA",43990.04,"NA",42762.18,"NA",42274.27,42562.94,43526.09,45260.49,"NA","NA","NA",38569.97,"NA",38028.05,"NA",36903.15,36668.87,37118,39211.49,"NA","NA","NA",27360.87,"NA",31700.75,"NA",27277.76,35132.91,35874.19,37579.74,"NA","NA","NA",37987.9,"NA",40235.68,"NA",37428.84,36290.63,37229.68,44141.43,"NA","NA","NA",53161.94,"NA",51827.26,"NA",51494.84,51928.48,53331.25,55410.19,"NA","NA","NA",0.6870012,"NA",0.6728587,"NA",0.6605056,0.6562651,0.6611753,"NA","NA","NA",0.667771,"NA",0.6636752,"NA",0.6464007,"NA","NA","NA","NA","NA","NA","NA",0.649471,"NA",0.6327839,"NA",0.6118066,0.6104497,0.6232208,"NA","NA","NA",0.6225474,"NA",0.6173854,"NA",0.5873753,"NA","NA","NA","NA","NA","NA","NA",0.5936074,"NA",0.5638275,"NA",0.5433614,0.5523714,0.5683641,"NA","NA","NA","NA",13156.99,"NA",11087.84,"NA",13020.78,14240.77,16250.71,16028.41,"NA","NA","TX","Texas","texas"
"ObjectID","{""type"":""Buffer"",""data"":[92,155,230,38,17,220,119,0,20,220,147,143]}",,"UT","NA",48535.13,"NA",47803.4,"NA",47171.44,47474.09,47735.44,52844.25,"NA","NA",45874.34,"NA",45895.2,"NA",44118.04,"NA","NA","NA","NA","NA","NA","NA",43555.68,"NA",41654.25,"NA",40200.62,40425.78,40950.12,43944.57,"NA","NA",40598.3,"NA",39247.85,"NA",37257.8,"NA","NA","NA","NA","NA","NA","NA",36866.21,"NA",34893.01,"NA",33913.66,34949,35982.3,34763.39,"NA","NA","NA",29674.4,"NA",28934.3,"NA",28734.24,29640.08,30494.5,43005.3,"NA","NA","NA",64295.33,"NA",62672.21,"NA",62232.8,62444.7,63290.99,66629.3,"NA","NA","NA",44831.37,"NA",43188.77,"NA",42547.75,42577.08,42914.6,45437.77,"NA","NA","NA",51505.46,"NA",52179.52,"NA",49230.24,48481.53,47441.4,53994.05,"NA","NA","NA",48580.2,"NA",49359.73,"NA",47075.86,47829.9,48159.99,43876.7,"NA","NA","NA",46644.01,"NA",46061.23,"NA",45325.52,45530.98,45232.63,52559.5,"NA","NA","NA",48474.37,"NA",47416.9,"NA",46912.79,47029.77,48124.21,69428.12,"NA","NA","NA",0.6913721,"NA",0.6789451,"NA",0.6797459,0.6844093,0.6871725,"NA","NA","NA",0.6808994,"NA",0.6772567,"NA",0.6638522,"NA","NA","NA","NA","NA","NA","NA",0.6642332,"NA",0.648665,"NA",0.6327476,0.6401866,0.6464607,"NA","NA","NA",0.6478495,"NA",0.6405058,"NA",0.6072479,"NA","NA","NA","NA","NA","NA","NA",0.6211354,"NA",0.5901915,"NA",0.5680067,0.5843671,0.6010692,"NA","NA","NA","NA",34620.92,"NA",33737.91,"NA",33498.56,32804.63,32796.49,23624,"NA","NA","UT","Utah","utah"
"ObjectID","{""type"":""Buffer"",""data"":[92,155,230,38,17,220,119,0,20,220,147,144]}",,"VA","NA",45711.75,"NA",44291.03,"NA",42971.68,42619.09,42989.43,43874.71,"NA","NA",43563.39,"NA",42552.7,"NA",41041.23,"NA","NA","NA","NA","NA","NA","NA",40493.81,"NA",39408.41,"NA",38019.83,37792.95,38122.86,39182.86,"NA","NA",38227.79,"NA",37537.63,"NA",35822.82,"NA","NA","NA","NA","NA","NA","NA",35425,"NA",34002.23,"NA",32914.72,32706.45,32829.23,33479.1,"NA","NA","NA",37341.03,"NA",37164.48,"NA",36054,35283.67,35433,37644.73,"NA","NA","NA",52081.91,"NA",49588.6,"NA",48776.09,48463.81,49078.24,52763.51,"NA","NA","NA",45360.04,"NA",45241.66,"NA",42548.24,43638.07,43615.48,46222.16,"NA","NA","NA",38943.3,"NA",37725.97,"NA",35755.33,35401.28,35784.24,37424.97,"NA","NA","NA",30522.95,"NA",32235.95,"NA",27043.1,33834.23,34136.81,35181.68,"NA","NA","NA",41073.75,"NA",40879.98,"NA",36898.45,36308.91,37411.26,42969.86,"NA","NA","NA",54141.68,"NA",51867.34,"NA",50797.61,52574.09,53435.86,54841.96,"NA","NA","NA",0.7221597,"NA",0.7017382,"NA",0.6846451,0.6758084,0.6796125,"NA","NA","NA",0.7111948,"NA",0.6963052,"NA",0.670502,"NA","NA","NA","NA","NA","NA","NA",0.6843973,"NA",0.6590628,"NA",0.6366379,0.6279624,0.6347515,"NA","NA","NA",0.6671585,"NA",0.6475096,"NA",0.6143218,"NA","NA","NA","NA","NA","NA","NA",0.627183,"NA",0.5954322,"NA",0.5721563,0.5668451,0.5679346,"NA","NA","NA","NA",14740.88,"NA",12424.12,"NA",12722.08,13180.14,13645.24,15118.79,"NA","NA","VA","Virginia","virginia"
"ObjectID","{""type"":""Buffer"",""data"":[92,155,230,38,17,220,119,0,20,220,147,145]}",,"VI","NA",40500,"NA",39700,"NA",36100,33900,34000,35500,"NA","NA",38100,"NA",38000,"NA",34800,"NA","NA","NA","NA","NA","NA","NA",35900,"NA",33400,"NA",32500,31400,32900,34800,"NA","NA",31700,"NA",33100,"NA",33600,"NA","NA","NA","NA","NA","NA","NA",30600,"NA",32600,"NA",29500,27700,28700,27000,"NA","NA","NA",39500,"NA",38500,"NA",34300,32800,33500,34900,"NA","NA","NA",43500,"NA",44900,"NA",42600,38200,36000,37500,"NA","NA","NA",40700,"NA",39800,"NA",35700,33200,33700,35600,"NA","NA","NA",40200,"NA",39500,"NA",36800,35100,34500,35200,"NA","NA","NA","NA","NA","NA","NA","NA",33000,32000,33200,"NA","NA","NA","NA","NA","NA","NA","NA","NA",34900,36400,"NA","NA","NA","NA","NA","NA","NA","NA","NA",40700,44200,"NA","NA","NA",0.7556675,"NA",0.7579144,"NA",0.7025172,0.673,0.648,"NA","NA","NA",0.7463557,"NA",0.7551789,"NA",0.6833713,"NA","NA","NA","NA","NA","NA","NA",0.7301294,"NA",0.6605923,"NA",0.643002,0.602,0.61,"NA","NA","NA",0.6564706,"NA",0.6428571,"NA",0.6501035,"NA","NA","NA","NA","NA","NA","NA",0.6092233,"NA",0.6187364,"NA",0.508772,0.491,0.489,"NA","NA","NA","NA",4000,"NA",6400,"NA",8300,5400,2500,2600,"NA","NA","VI",,
"ObjectID","{""type"":""Buffer"",""data"":[92,155,230,38,17,220,119,0,20,220,147,146]}",,"VT","NA",43904.02,"NA",40102.26,"NA",40543.26,40912.54,42269.88,44955.61,"NA","NA",41705.55,"NA",38860.35,"NA",38507.87,"NA","NA","NA","NA","NA","NA","NA",37873.36,"NA",36754.43,"NA",36684.31,37214.49,38576.73,40655.86,"NA","NA",35709.51,"NA",35176.36,"NA",34471.96,"NA","NA","NA","NA","NA","NA","NA",33679.56,"NA",32823.51,"NA",32063.18,32564.94,33633.68,35345.82,"NA","NA","NA",36007.09,"NA",34498.73,"NA",34936.21,34144.33,34998.56,38222.18,"NA","NA","NA",48668.47,"NA",43571.07,"NA",44523.3,45371.8,47084.29,49007.59,"NA","NA","NA",39561.9,"NA",34945.36,"NA",35601.88,36290.2,36679.11,44553.85,"NA","NA","NA",34745.8,"NA",33474.02,"NA",33444.58,33684.73,34806.57,39523.47,"NA","NA","NA",33287.77,"NA",30800.13,"NA",30786.01,32232.27,33096.57,35741.07,"NA","NA","NA",42040.37,"NA",37672.87,"NA",38349.93,38187.03,40060,41944.14,"NA","NA","NA",49158.84,"NA",43021.81,"NA",43423.04,44868.93,46809.15,49135.51,"NA","NA","NA",0.722297,"NA",0.6858451,"NA",0.685494,0.6859353,0.7050799,"NA","NA","NA",0.7076281,"NA",0.6848056,"NA",0.6697035,"NA","NA","NA","NA","NA","NA","NA",0.6813239,"NA",0.6596657,"NA",0.6487556,0.6562089,0.681723,"NA","NA","NA",0.6627544,"NA",0.6444215,"NA",0.6233389,"NA","NA","NA","NA","NA","NA","NA",0.6300758,"NA",0.6007077,"NA",0.5904334,0.6145887,0.6236833,"NA","NA","NA","NA",12661.38,"NA",9072.344,"NA",9587.086,11227.47,12085.73,10785.42,"NA","NA","VT","Vermont","vermont"
"ObjectID","{""type"":""Buffer"",""data"":[92,155,230,38,17,220,119,0,20,220,147,147]}",,"WA","NA",44402.8,"NA",43223.01,"NA",42532.77,42759.54,43471.5,44984.94,"NA","NA",42223.91,"NA",41724.52,"NA",40645.05,"NA","NA","NA","NA","NA","NA","NA",40184.66,"NA",38899.5,"NA",38308.54,38166.68,38737.45,40876.47,"NA","NA",37848.66,"NA",37277.36,"NA",36419.74,"NA","NA","NA","NA","NA","NA","NA",35466.45,"NA",34466.91,"NA",32926.93,33334.82,33978.2,34984.85,"NA","NA","NA",37742.58,"NA",37104.36,"NA",36744.7,36666.22,37285.96,39127.84,"NA","NA","NA",51393.29,"NA",49137.52,"NA",49040.31,49165.83,50213.88,53602.64,"NA","NA","NA",48057.65,"NA",45658.44,"NA",44214.08,44335.57,45062.22,47291.89,"NA","NA","NA",39824.18,"NA",39610.08,"NA",39102.4,39147.33,40476.89,41671.56,"NA","NA","NA",28255.17,"NA",31802.97,"NA",32523.47,37777.51,38469.33,39715.58,"NA","NA","NA",39434.39,"NA",40717.49,"NA",40638.14,40625.41,41708.46,46669.05,"NA","NA","NA",50944.84,"NA",49377.03,"NA",48569.63,49629.82,50620.97,53124.98,"NA","NA","NA",0.7044986,"NA",0.6839665,"NA",0.6807199,0.6845153,0.6892772,"NA","NA","NA",0.6932389,"NA",0.6809081,"NA",0.6672141,"NA","NA","NA","NA","NA","NA","NA",0.6780789,"NA",0.6537724,"NA",0.6439677,0.6464806,0.6529107,"NA","NA","NA",0.6586983,"NA",0.6462216,"NA",0.6251768,"NA","NA","NA","NA","NA","NA","NA",0.6339041,"NA",0.6058829,"NA",0.5771415,0.5818981,0.5876078,"NA","NA","NA","NA",13650.71,"NA",12033.16,"NA",12295.61,12499.61,12927.91,14474.8,"NA","NA","WA","Washington","washington"
"ObjectID","{""type"":""Buffer"",""data"":[92,155,230,38,17,220,119,0,20,220,147,148]}",,"WI","NA",45034.45,"NA",44055.39,"NA",43118.4,43003.76,44172.98,45496.04,"NA","NA",43149.46,"NA",42595.36,"NA",41512.89,"NA","NA","NA","NA","NA","NA","NA",41231.86,"NA",39878.9,"NA",39328.75,39227.56,39707.34,41327.11,"NA","NA",39165.85,"NA",38191.02,"NA",37426.25,"NA","NA","NA","NA","NA","NA","NA",36529.39,"NA",35389.38,"NA",33983.25,34142.5,35178.66,36783.23,"NA","NA","NA",38643.71,"NA",38707.11,"NA",37196.9,36905.73,37987.65,40609.81,"NA","NA","NA",50798.86,"NA",48392.93,"NA",48539.36,48453.47,50947.73,52940.83,"NA","NA","NA",44851.98,"NA",43430.17,"NA",42159.1,42021.42,43001.58,46483.3,"NA","NA","NA",40981.98,"NA",40217.55,"NA",39270.72,38876.71,39982.75,41788.25,"NA","NA","NA",37362.54,"NA",36628.55,"NA",35425.47,35835.22,36886.5,37777.88,"NA","NA","NA",43009.25,"NA",42296.16,"NA",41557,40925.83,42250.74,44170.46,"NA","NA","NA",50027.92,"NA",48136.11,"NA",47391.41,47510.57,48932.23,50900.34,"NA","NA","NA",0.7642121,"NA",0.7472947,"NA",0.7388229,0.7413633,0.7474732,"NA","NA","NA",0.7555384,"NA",0.7457066,"NA",0.7261869,"NA","NA","NA","NA","NA","NA","NA",0.7451454,"NA",0.7151866,"NA",0.7028505,0.7060294,0.7216107,"NA","NA","NA",0.733054,"NA",0.7067358,"NA",0.682167,"NA","NA","NA","NA","NA","NA","NA",0.6947993,"NA",0.6576174,"NA",0.6350117,0.6424575,0.664658,"NA","NA","NA","NA",12155.16,"NA",9685.813,"NA",11342.46,11547.74,12960.07,12331.02,"NA","NA","WI","Wisconsin","wisconsin"
"ObjectID","{""type"":""Buffer"",""data"":[92,155,230,38,17,220,119,0,20,220,147,149]}",,"WV","NA",38767.5,"NA",37889.3,"NA",38201.57,37666.86,38207.19,39023.02,"NA","NA",36805.26,"NA",36265.84,"NA",36427.05,"NA","NA","NA","NA","NA","NA","NA",34524.42,"NA",34861.51,"NA",34225.41,34045.18,35063.38,35677.91,"NA","NA",32191.81,"NA",32856.2,"NA",32372.48,"NA","NA","NA","NA","NA","NA","NA",30829.28,"NA",30182.78,"NA",30243.46,30168.41,30549.26,31071.61,"NA","NA","NA",30141.83,"NA",30529.92,"NA",30487.85,29368.9,29536.68,33864.89,"NA","NA","NA",46543.76,"NA",43945.08,"NA",43839.41,44104.35,44710.45,47475.71,"NA","NA","NA",41990.04,"NA",38159.68,"NA",37250.95,37903.49,38579.18,42048.22,"NA","NA","NA",32628.42,"NA",31632.04,"NA",29553.76,26669.55,26747.13,31843.64,"NA","NA","NA",32053.95,"NA",29133.4,"NA",25450.78,27296.06,27685.88,30494.6,"NA","NA","NA",40033.01,"NA",37888.4,"NA",36696.88,36009.91,36616.42,40951.21,"NA","NA","NA",49019.27,"NA",46211.39,"NA",47277.31,46867.48,47607.96,49322.68,"NA","NA","NA",0.6250906,"NA",0.6115907,"NA",0.6182569,0.6106731,0.6091298,"NA","NA","NA",0.6084976,"NA",0.6007875,"NA",0.5997148,"NA","NA","NA","NA","NA","NA","NA",0.5805873,"NA",0.5823372,"NA",0.5654064,0.5614404,0.5717524,"NA","NA","NA",0.5514672,"NA",0.5623023,"NA",0.5404535,"NA","NA","NA","NA","NA","NA","NA",0.5314599,"NA",0.5107805,"NA",0.5071024,0.5050702,0.5006021,"NA","NA","NA","NA",16401.93,"NA",13415.16,"NA",13351.56,14735.45,15173.77,13610.83,"NA","NA","WV","West Virginia","west_virginia"
"ObjectID","{""type"":""Buffer"",""data"":[92,155,230,38,17,220,119,0,20,220,147,150]}",,"WY","NA",43851.86,"NA",42375.91,"NA",42616.06,43097.84,43701.54,46242.02,"NA","NA",41689.86,"NA",40962.37,"NA",40896.63,"NA","NA","NA","NA","NA","NA","NA",40458.95,"NA",39229.68,"NA",39405.19,40296.29,41363.37,42470.64,"NA","NA",38136.38,"NA",37925.78,"NA",37442.72,"NA","NA","NA","NA","NA","NA","NA",37161.15,"NA",35254.59,"NA",36193.26,36033.13,36096.58,36914.48,"NA","NA","NA",33943.86,"NA",33727.2,"NA",33147.18,33890.09,33881.14,35839.88,"NA","NA","NA",31517.64,"NA",29360.56,"NA",48644.86,48476.51,49249.62,51775.71,"NA","NA","NA",45738.81,"NA",44341.65,"NA",44371.63,44703.5,45551.66,48389.99,"NA","NA","NA",40655.18,"NA",39712.59,"NA",38862.08,39459.5,39542.05,40621.94,"NA","NA","NA",39529.66,"NA",36670.72,"NA",34004.07,38138.07,38854.57,41064.21,"NA","NA","NA",44675.2,"NA",42740.65,"NA",41888.46,42342.54,42147.76,44525.56,"NA","NA","NA",45352.9,"NA",48598.56,"NA",47298.98,46841.79,48293.27,51223.5,"NA","NA","NA",0.7131767,"NA",0.6798339,"NA",0.6927851,0.7035263,0.710006,"NA","NA","NA",0.7031302,"NA",0.676154,"NA",0.6838312,"NA","NA","NA","NA","NA","NA","NA",0.6859539,"NA",0.6688656,"NA",0.674336,0.692867,0.7065637,"NA","NA","NA",0.6538762,"NA",0.6608136,"NA",0.6546509,"NA","NA","NA","NA","NA","NA","NA",0.6563498,"NA",0.6269231,"NA",0.6437066,0.6421676,0.645635,"NA","NA","NA","NA",-2426.223,"NA",-4366.645,"NA",15497.68,14586.41,15368.48,15935.82,"NA","NA","WY","Wyoming","wyoming"
"ObjectID","{""type"":""Buffer"",""data"":[92,155,230,38,17,220,119,0,20,220,147,151]}",,"US","NA",44290.34,"NA",42886.99,"NA",41972.1,41887.45,42502.71,43856.51,"NA","NA",42346.35,"NA",41387.58,"NA",40155.68,"NA","NA","NA","NA","NA","NA","NA",39776.04,"NA",38442.85,"NA",37466.48,37305.16,37766.45,39222.1,"NA","NA",37625.25,"NA",36811.22,"NA",35492.64,"NA","NA","NA","NA","NA","NA","NA",34958.63,"NA",33640.91,"NA",32301.97,32430.54,32911.28,33648.8,"NA","NA","NA",36791.08,"NA",36464.25,"NA",35436.58,35199.21,35717.14,38206.09,"NA","NA","NA",50252.18,"NA",47893.61,"NA",47690.94,47993.53,49119.21,51690.43,"NA","NA","NA",43978.2,"NA",42313.55,"NA",41330.41,41258.69,41924.95,44286.16,"NA","NA","NA",39136.68,"NA",38849.07,"NA",37693.52,37454.13,38257.02,40598.21,"NA","NA","NA",29942.96,"NA",31764.71,"NA",28581.07,34532.57,35080.67,36808.8,"NA","NA","NA",41121.14,"NA",40851.04,"NA",38810.32,38955.02,39572.18,44061.74,"NA","NA","NA",53117.95,"NA",50757.8,"NA",50246.29,51163.82,52441.09,54221.02,"NA","NA","NA",0.698553,"NA",0.6780981,"NA",0.6631831,0.6613301,0.6663669,"NA","NA","NA",0.6865864,"NA",0.6728364,"NA",0.649943,"NA","NA","NA","NA","NA","NA","NA",0.663995,"NA",0.6371762,"NA",0.6185243,0.6168074,0.6243637,"NA","NA","NA",0.6441782,"NA",0.6257902,"NA",0.596826,"NA","NA","NA","NA","NA","NA","NA",0.6084429,"NA",0.5759325,"NA",0.5504307,0.5513703,0.5586743,"NA","NA","NA","NA",13461.1,"NA",11429.36,"NA",12254.36,12794.31,13402.07,13484.34,"NA","NA","US",,